image,tot_root_length,width,depth,n_primary,tot_prim_length,mean_prim_length,mean_lat_density,n_laterals,tot_lat_length,mean_lat_length,mean_lat_angle
RSDH08-2-N+-119-452,48.938087,12.263681,18.38773,3,45.0,15.459327,2.5765548,10,2.5601192,0.25601193,87.64361
RSDH08-2-N+-140-15,30.610538,7.027853,5.8591413,5,29.0,6.122108,0.0,0,0.0,0.0,0.0
RSDH08-2-N+-18-330,52.10554,10.954724,16.439877,4,47.0,12.452737,2.6932557,15,2.294601,0.15297341,90.48669
RSDH08-2-N+-260-469,46.31025,8.4614725,9.069202,6,43.0,7.6584663,0.0,1,0.35945457,0.35945457,91.90573
RSDH08-2-N+-265-371,36.225628,5.251411,9.583436,4,32.0,8.66911,5.295122,5,1.5491912,0.30983827,91.83119
RSDH08-2-N+-301-316,51.978863,11.749448,12.746749,6,46.0,8.193827,4.0667005,8,2.8159041,0.351988,94.01853
RSDH08-2-N+-310-298,69.35148,9.287362,16.829449,5,67.0,13.611316,4.2299714,6,1.2949075,0.2158179,83.370964
RSDH08-2-N+-356-415,45.786434,11.391043,15.395828,4,43.0,11.265253,4.9733725,5,0.725416,0.1450832,83.58052
RSDH08-2-N+-386-447,42.43432,8.539387,11.718283,4,40.0,10.60858,0.0,0,0.0,0.0,0.0
RSDH08-2-N+-389-94,72.79533,14.149202,21.410797,5,66.0,13.8351965,3.2811308,12,3.6193402,0.3016117,82.72758
RSDH08-2-N+-450-345,55.908432,7.2304296,15.271166,5,52.0,10.970064,8.643303,5,1.0581114,0.21162227,74.312614
RSDH08-2-N+-479-36,45.621063,9.94184,9.458773,5,44.0,9.124212,0.0,0,0.0,0.0,0.0
RSDH08-2-N+-505-400,43.19222,10.861227,11.500123,6,39.0,7.147904,0.0,2,0.30479875,0.15239938,89.91158
RSDH08-2-N+-52-414,60.55961,15.73865,17.515093,5,54.0,11.447803,6.230642,10,3.320601,0.3320601,87.70383
RSDH08-2-N+-54-418,57.733253,11.141718,18.153988,5,55.0,11.522309,0.0,1,0.12170573,0.12170573,75.95924
RSDH08-2-N+-631-86,48.762577,9.599018,13.120736,6,45.0,8.127096,0.0,0,0.0,0.0,0.0
RSDH08-2-N+-632-368,27.568699,4.8618407,11.749448,3,25.0,8.853359,1.1061645,6,1.0086223,0.16810371,79.16865
RSDH08-2-N+-650-290,37.968662,7.2148466000000004,9.1627,6,35.0,6.2386317,1.4727646,4,0.53687286,0.13421822,68.969986
RSDH08-2-N+-666-49,55.640053,11.780614,18.091656,5,49.0,10.463198,2.6800227,15,3.324064,0.22160426,86.39572
RSDH08-2-N+-711-20,56.548897,8.55497,14.74135,5,55.0,11.309779,0.0,0,0.0,0.0,0.0
RSDH08-2-N--118-209,47.511032,6.8720245,15.193252,5,43.0,9.124451,3.7981532,9,1.8887819,0.20986466,80.72404
RSDH08-2-N--162-218,47.908688,10.066504,13.899878,3,46.0,15.455870000000001,1.9171258,10,1.5410752,0.15410753,81.488075
RSDH08-2-N--173-253,66.66313,20.584908,19.60319,3,59.0,20.18183,2.8259404,21,6.117638,0.29131612,71.466194
RSDH08-2-N--186-197,36.917526,3.7866259,7.9004908,5,34.0,7.383505,0.0,0,0.0,0.0,0.0
RSDH08-2-N--189-236,66.61427,20.366749,19.05779,4,61.0,15.587432,3.4141707,18,4.2645473,0.23691927,83.35465
RSDH08-2-N--234-486,32.724426,14.460859,7.7602453,5,31.0,6.493419,0.0,2,0.25733054,0.12866527,95.322815
RSDH08-2-N--249-562,66.52842,11.562454,17.219019,4,56.0,14.332988,2.7653499,21,9.196471,0.43792725,75.87443
RSDH08-2-N--372-257,47.973072,14.071288,13.915461,3,44.0,15.097544,2.2650979,11,2.680446,0.2436769,86.811745
RSDH08-2-N--414-526,63.5988,15.193252,16.938528,5,59.0,12.354087,5.588262,10,1.8283658,0.18283655,80.86006
RSDH08-2-N--425-110,46.3812,8.134233,10.674233,5,44.0,9.27624,0.0,0,0.0,0.0,0.0
RSDH08-2-N--48-116,28.484179,7.791411,9.910675,4,28.0,7.1210446,0.0,0,0.0,0.0,0.0
RSDH08-2-N--526-183,62.977875,13.214233,18.16957,5,59.0,12.160386,1.344717,8,2.1759434,0.27199292,71.61447
RSDH08-2-N--56-125,45.05398,8.695215,8.928957,5,42.0,8.978709,0.0,1,0.16043498,0.16043498,96.42094
RSDH08-2-N--613-172,64.65038,5.6409817,19.618773,5,61.0,12.561733,5.45397,9,1.841716,0.2046351,82.38614
RSDH08-2-N--652-152,63.679405,17.437178,15.286749,5,60.0,12.436461,1.8028052,8,1.497092,0.18713649,90.438255
RSDH08-2-N--661-575,61.903046,20.179754,20.693989,3,57.0,19.61571,4.964591,16,3.055923,0.19099519,84.92238
RSDH08-2-N--685-286,71.474266,15.536074,20.958897,5,62.0,13.056658,2.2968483,17,6.1909757,0.364175,74.939415
RSDH08-2-N--95-137,52.08302,11.842945,18.527975,4,49.0,12.607701,1.619541,8,1.6522073,0.20652589,91.55474
RSDH08-29-N+-180-461,121.12957,19.836933,25.836319,5,107.0,22.077448,4.4331603,16,10.74232,0.671395,70.89665
RSDH08-29-N+-199-349,65.27517,9.147117,21.379633,6,55.0,9.685305,4.0261893,16,7.1633515,0.44770953,84.591606
RSDH08-29-N+-207-411,82.738594,7.993988,19.743435,6,76.0,12.889029,3.012909,12,5.4044275,0.45036906,91.05761
RSDH08-29-N+-208-89,78.32409,15.598405,16.73595,5,73.0,15.07787,3.313274,6,2.9347377,0.48912293,81.550514
RSDH08-29-N+-216-336,107.20193,18.231901,17.655338,5,84.0,17.024664,3.3211982,63,22.078608,0.3504541,73.08028
RSDH08-29-N+-32-4,70.983025,5.9682207,17.078773,5,62.0,12.972762,3.478021,28,6.119212,0.21854326,82.40669
RSDH08-29-N+-328-356,36.95099,4.378773,9.786013,4,32.0,8.60657,2.218335,15,2.5247095,0.16831397,83.28274
RSDH08-29-N+-329-430,80.125305,19.681105,19.151289,5,75.0,15.48695,1.5148932,10,2.6905575,0.26905578,86.87271
RSDH08-29-N+-382-71,65.7815,13.915461,22.314602,5,58.0,12.077295,4.138176,10,5.39502,0.5395021,62.778706
RSDH08-29-N+-392-434,77.74291,8.1498165,20.70957,5,71.0,14.640649,21.177261,9,4.5396695,0.50440776,77.22458
RSDH08-29-N+-431-78,84.66371,17.000858,24.652025,5,69.0,14.33888,4.7005754,39,12.969299,0.3325461,NaN
RSDH08-29-N+-439-380,79.5484,14.180368,17.904663,5,72.0,14.855811,2.519484,11,5.2693458,0.47903147,81.38354
RSDH08-29-N+-44-35,59.586445,7.697914,10.954724,5,57.0,11.917289,0.0,0,0.0,0.0,0.0
RSDH08-29-N+-547-58,74.73551,13.977792,18.652637,5,64.0,13.412694,3.96438,26,7.67204,0.29507846,76.191505
RSDH08-29-N+-584-453,75.803246,15.598405,21.519878,6,63.0,10.983992,5.7288666,20,9.899294,0.49496466,76.71822
RSDH08-29-N+-61-472,60.725407,11.687117,21.738037,5,52.0,10.944802,2.496279,7,6.0013876,0.8573412,63.414387
RSDH08-29-N+-618-397,71.60798,17.84233,20.304417,5,59.0,12.402481,5.3840103,18,9.595578,0.5330876,76.47745
RSDH08-29-N+-622-19,53.856003,3.1165645,15.317914,5,51.0,10.771201,0.0,0,0.0,0.0,0.0
RSDH08-29-N+-645-369,38.784687,8.258896,11.313129,4,38.0,9.651749,0.0,2,0.17769286,0.08884642,89.17287
RSDH08-29-N+-716-313,69.21401,18.683804,20.304417,5,61.0,12.872078,5.2005234,14,4.853636,0.34668827,NaN
RSDH08-29-N--163-572,58.175156,16.860613,14.2427,6,53.0,9.490149,8.717616,6,1.2342657,0.20571096,82.273735
RSDH08-29-N--184-493,88.10771,10.892393,19.462946,6,78.0,13.369885,2.8619614,29,7.888399,0.27201372,88.8791
RSDH08-29-N--188-287,83.44179,15.286749,21.254969,6,70.0,12.254487,3.9562092,28,9.914857,0.35410208,78.463264
RSDH08-29-N--193-537,88.39595,20.60049,24.963682,5,67.0,13.867348,3.9578178,33,19.059204,0.5775516,70.34788
RSDH08-29-N--210-550,38.30238,2.2750921,12.497423,5,36.0,7.660476,0.0,0,0.0,0.0,0.0
RSDH08-29-N--230-250,107.608025,23.483313,26.11681,5,80.0,16.51514,3.1461227,47,25.03233,0.5326027,71.2599
RSDH08-29-N--231-273,57.64257,19.198036,17.483927,4,50.0,13.055683,4.002628,16,5.419839,0.3387399,NaN
RSDH08-29-N--287-528,63.510532,8.492639,15.816565,5,61.0,12.7021055,0.0,0,0.0,0.0,0.0
RSDH08-29-N--306-557,81.64405,14.445276,22.18994,3,62.0,20.975151,3.2506263,42,18.718592,0.44568077,74.76303
RSDH08-29-N--31-510,81.59363,10.970306,21.3173,5,69.0,14.11554,3.236162,34,11.015929,0.3239979,80.526825
RSDH08-29-N--332-105,62.776127,12.933743,16.595705,4,55.0,14.133306,2.6986527,29,6.242904,0.21527259,78.80892
RSDH08-29-N--478-186,82.499855,21.80037,23.919632,5,66.0,13.638769,2.9504147,32,14.306014,0.44706294,79.30483
RSDH08-29-N--501-193,58.67862,4.7060122,16.548958,5,52.0,10.885071,2.2467537,20,4.2532578,0.21266286,78.86089
RSDH08-29-N--530-156,41.431652,9.240614,13.089571,5,38.0,8.171681,11.140669,5,0.5732429,0.11464858,82.87895
RSDH08-29-N--539-176,61.82922,17.982576,17.374847,4,50.0,13.244897,3.9771996,19,8.849632,0.46577013,77.52722
RSDH08-29-N--543-121,83.693245,11.391043,18.637056,6,73.0,12.649313,2.9216776,37,7.797358,0.21073942,82.97835
RSDH08-29-N--571-143,82.344246,3.7398772,21.3173,5,71.0,14.530875,7.192548,29,9.689857,0.33413297,72.31179
RSDH08-29-N--604-283,111.67913,22.704172,26.755705,5,84.0,17.190489,2.4963846,48,25.726673,0.53597224,72.466
RSDH08-29-N--64-235,45.43423,9.396441,10.393743,5,41.0,8.814416,4.153917,10,1.362153,0.13621531,92.750206
RSDH08-29-N--644-166,65.35904,16.128222,18.683804,5,55.0,11.613056,2.9615984,16,7.293763,0.45586023,69.88935
RSDH08-29-N--689-202,58.450737,7.074601,16.751534,4,49.0,12.578428,3.0375736,24,8.137026,0.33904278,66.45344
RSDH08-44-N+-133-83,97.577866,12.933743,20.912148,5,82.0,16.84822,3.6477177,29,13.336769,0.45988858,75.84809
RSDH08-44-N+-177-403,87.72244,13.229816,22.57951,5,79.0,16.227219,3.2588778,20,6.5863504,0.3293175,81.574135
RSDH08-44-N+-204-433,55.442276,10.736565,17.60859,4,52.0,13.504595,2.4499831,8,1.4239016,0.1779877,79.77264
RSDH08-44-N+-229-370,77.86915,16.704786,18.060492,5,71.0,14.588621,0.910391,10,4.9260445,0.49260446,78.271965
RSDH08-44-N+-261-413,49.234035,16.424295,18.855215,3,45.0,15.270063,2.536812,13,3.4238439,0.2633726,82.519325
RSDH08-44-N+-282-57,67.89583,5.937055,17.639755,5,64.0,13.289953,4.0389447,8,1.446063,0.1807579,86.74075
RSDH08-44-N+-294-379,91.34321,16.907362,25.213007,5,76.0,15.615046,2.7039254,39,13.2679825,0.34020466,77.943115
RSDH08-44-N+-307-432,52.75075,7.199264,14.990675,4,47.0,12.13961,3.7255025,17,4.192317,0.24660689,81.40467
RSDH08-44-N+-312-29,21.615862,1.9946012,14.149202,4,19.0,5.292675,2.6472876,2,0.44516116,0.22258058,68.51356
RSDH08-44-N+-33-295,52.46732,8.305644,16.361963,3,49.0,16.568071,2.9484215,11,2.7631156,0.2511923,74.9204
RSDH08-44-N+-423-324,60.618053,12.793497,15.863313,5,57.0,11.972691,6.892214,5,0.754607,0.1509214,83.25389
RSDH08-44-N+-477-47,27.91748,5.0488343,7.744663,4,25.0,6.97937,0.0,0,0.0,0.0,0.0
RSDH08-44-N+-497-446,48.703518,5.002086,16.408712,3,47.0,16.182304,0.0,1,0.15660542,0.15660542,79.629845
RSDH08-44-N+-535-310,87.997284,9.069202,17.624172,5,75.0,15.646551,2.547871,38,9.764525,0.25696126,78.795525
RSDH08-44-N+-579-479,73.59826,10.424908,21.083559,5,69.0,14.284695,5.2771716,5,2.1747859,0.4349572,79.595276
RSDH08-44-N+-614-66,32.20761,6.1863804,8.4614725,5,28.0,6.073451,3.8633204,12,1.8403616,0.15336347,86.73167
RSDH08-44-N+-672-34,46.453865,6.217546,13.775215,6,40.0,7.1407046,2.4038286,13,3.6096385,0.27766448,82.638885
RSDH08-44-N+-677-41,81.038605,14.429693,24.527363,5,76.0,15.677374,4.54608,5,2.6517353,0.53034705,102.4197
RSDH08-44-N+-72-13,58.186,11.406626,15.878896,5,56.0,11.6372,0.0,0,0.0,0.0,0.0
RSDH08-44-N+-83-459,75.745316,13.167485,23.639141,4,70.0,18.08746,4.6631775,6,3.395475,0.56591254,71.29422
RSDH08-44-N+-99-332,37.69623,5.703313,11.9676075,6,34.0,6.2054086,0.0,2,0.4637784,0.2318892,93.17247
RSDH08-44-N--10-523,93.83498,23.000246,23.389816,5,70.0,14.427553,3.162653,51,21.697199,0.42543522,77.251564
RSDH08-44-N--126-238,61.236423,15.863313,18.263067,4,50.0,12.887831,3.955678,32,9.685106,0.30265957,89.070076
RSDH08-44-N--139-560,68.43489,20.14859,16.67362,5,60.0,12.513961,2.8375585,24,5.8650866,0.24437863,87.640526
RSDH08-44-N--154-184,36.464375,9.287362,10.720982,3,35.0,12.008722,0.75900674,4,0.43820348,0.10955088,101.130226
RSDH08-44-N--200-154,70.44666,16.315214,16.221718,5,64.0,13.330106,2.4936051,13,3.7961173,0.29200903,78.91316
RSDH08-44-N--205-113,44.33706,3.2879755,11.827362,5,42.0,8.867412,0.0,0,0.0,0.0,0.0
RSDH08-44-N--228-231,59.865303,18.153988,18.855215,4,50.0,13.118467,3.1948175,27,7.39143,0.27375665,80.55453
RSDH08-44-N--233-508,85.629944,15.613988,19.649939,4,77.0,19.668438,3.1090944,29,6.956216,0.23986955,84.37701
RSDH08-44-N--26-495,64.04616,11.546871,19.759018,4,59.0,15.231835,3.112528,8,3.1188254,0.38985315,86.20502
RSDH08-44-N--29-171,74.74766,18.66822,19.961596,5,66.0,13.659477,3.4513829,23,6.4502726,0.28044665,80.01025
RSDH08-44-N--355-569,64.01251,14.943927,19.60319,5,61.0,12.671491,4.109042,5,0.65506434,0.13101287,86.502716
RSDH08-44-N--369-532,80.687004,16.580122,25.540245,4,65.0,16.814688,5.0492654,36,13.428272,0.37300745,77.22079
RSDH08-44-N--452-276,101.36029,23.327484,19.60319,4,74.0,18.959038,3.5965805,51,25.524168,0.50047386,76.73555
RSDH08-44-N--514-252,81.46677,10.627484,20.896564,5,69.0,14.357554,4.356605,31,9.678965,0.31222457,80.82752
RSDH08-44-N--522-134,47.898174,7.6667485,16.954111,6,44.0,7.907849,1.603604,5,0.45107785,0.090215564,87.35784
RSDH08-44-N--597-205,55.286404,8.445889,16.112638,4,48.0,12.437901,3.5349414,21,5.534802,0.263562,72.91398
RSDH08-44-N--601-140,54.402744,6.949939,19.3227,5,50.0,10.424223,3.4868112,10,2.2816317,0.22816315,80.12798
RSDH08-44-N--626-262,82.6248,15.878896,18.434479,5,74.0,15.228577,2.2678566,17,6.4819193,0.3812894,85.37764
RSDH08-44-N--686-122,54.466995,9.240614,21.3173,3,49.0,17.090302,2.1273985,13,3.1960945,0.24585342,78.77447
RSDH08-44-N--693-533,109.34802,11.87411,27.799755,4,85.0,21.784903,3.3401525,57,22.20839,0.3896208,79.48688
RSDH08-44-N--88-2156,65.896385,12.154601,16.845032,5,56.0,11.565591,2.164548,30,8.068417,0.26894724,86.300644
RSDH08-47-N+-134-477,51.614468,8.071902,8.788712,6,48.0,8.602411,0.0,0,0.0,0.0,0.0
RSDH08-47-N+-143-389,39.78786,5.329325,7.9472394,6,37.0,6.5744267,0.0,1,0.34130275,0.34130275,105.55811
RSDH08-47-N+-172-361,22.369549,3.0698159,4.643681,5,19.0,4.4156537,0.0,2,0.2912804,0.14564021,98.157906
RSDH08-47-N+-220-334,39.601685,6.90319,9.848344,6,35.0,6.3464994,5.603513,7,1.5226886,0.21752694,69.101265
RSDH08-47-N+-269-92,32.404522,6.856442,8.679632,5,24.0,5.418409,4.068141,10,5.3124747,0.5312475,79.95439
RSDH08-47-N+-271-344,43.63999,6.9811044,8.087484,6,39.0,6.9212065,2.8252382,9,2.1127434,0.23474926,78.21203
RSDH08-47-N+-326-466,31.05754,9.817178,8.383558,3,29.0,10.069427,3.6310713,6,0.8492593,0.14154322,91.53202
RSDH08-47-N+-335-457,28.528044,6.4824543,6.0773005,5,26.0,5.705609,0.0,0,0.0,0.0,0.0
RSDH08-47-N+-418-43,41.643574,4.1761966,13.260982,4,36.0,9.531457,5.057292,15,3.517748,0.23451655,78.65796
RSDH08-47-N+-43-357,28.143612,4.8774233,6.9343557,5,26.0,5.6287227,0.0,0,0.0,0.0,0.0
RSDH08-47-N+-445-18,32.894993,7.1680984,8.539387,5,31.0,6.5478325,0.0,1,0.15582822,0.15582822,89.822395
RSDH08-47-N+-447-27,40.74511,5.937055,9.4120245,5,38.0,8.073705,0.0,3,0.37658584,0.1255286,66.3882
RSDH08-47-N+-489-74,27.000679,6.498037,6.5915337,5,23.0,5.4001355,0.0,0,0.0,0.0,0.0
RSDH08-47-N+-494-444,44.318073,5.313742,8.601718,6,40.0,7.354364,0.0,3,0.19188234,0.063960776,77.57673
RSDH08-47-N+-525-85,37.23988,3.4126382,6.40454,7,34.0,5.2114825,8.635365,6,0.75950325,0.12658387,93.58871
RSDH08-47-N+-559-312,33.985962,6.342209,6.3733745,5,29.0,6.5419893,5.7684045,6,1.2760191,0.21266986,81.52413
RSDH08-47-N+-655-51,39.308502,5.874724,7.9472394,7,35.0,5.6155005,0.0,0,0.0,0.0,0.0
RSDH08-47-N+-73-374,49.757893,4.8774233,10.191166,5,47.0,9.853235,1.1048509,4,0.4917159,0.12292898,91.48451
RSDH08-47-N+-85-296,32.96122,4.2229447,7.0590186,6,31.0,5.4935365,0.0,0,0.0,0.0,0.0
RSDH08-47-N+-86-420,42.701546,5.4695706,8.383558,8,38.0,5.337693,0.0,0,0.0,0.0,0.0
RSDH08-47-N--116-132,39.78021,4.3164415,9.863927,5,36.0,7.8810973,0.9998982,4,0.3747212,0.09368029,76.93263
RSDH08-47-N--120-111,44.26173,7.183681,10.892393,6,40.0,7.1629515,1.555881,9,1.2840201,0.14266889,84.51468
RSDH08-47-N--198-265,33.518406,5.2825766,6.061718,6,30.0,5.4894404,3.2906432,4,0.5817656,0.14544141,79.61417
RSDH08-47-N--219-210,41.764305,5.2202454,7.448589,6,38.0,6.835976,1.3586642,6,0.7484459,0.12474099,85.97109
RSDH08-47-N--238-559,36.69169,9.536687,8.960123,5,34.0,7.2789288,5.4877195,2,0.29704377,0.14852189,70.2239
RSDH08-47-N--274-248,33.82073,7.277178,7.4797544,6,30.0,5.636788,0.0,0,0.0,0.0,0.0
RSDH08-47-N--334-548,38.66779,4.908589,8.414724,5,36.0,7.7335577,0.0,0,0.0,0.0,0.0
RSDH08-47-N--346-564,35.85251,5.999387,10.409326,4,32.0,8.694865,4.1553717,4,1.0730485,0.26826212,67.44694
RSDH08-47-N--350-149,43.93067,6.311043,7.370675,6,41.0,7.136407,8.090928,9,1.1122346,0.12358162,77.16802
RSDH08-47-N--39-118,52.702286,7.7602453,12.20135,6,49.0,8.783713,0.0,0,0.0,0.0,0.0
RSDH08-47-N--465-170,23.654913,2.1660123,6.7006135,4,21.0,5.7748632,1.6896118,4,0.55545986,0.13886495,86.986015
RSDH08-47-N--546-222,43.60126,8.274479,7.806994,6,40.0,7.137018,2.4478407,5,0.7791532,0.15583065,79.941025
RSDH08-47-N--558-185,29.753763,9.396441,10.3781595,5,26.0,5.659053,4.6418924,7,1.4584974,0.20835674,85.298195
RSDH08-47-N--576-227,31.440306,6.2019634,7.199264,5,29.0,6.288061,0.0,0,0.0,0.0,0.0
RSDH08-47-N--600-266,42.381435,6.9966874,6.217546,5,38.0,8.186458,4.9637938,7,1.4491525,0.20702177,85.80512
RSDH08-47-N--659-174,31.420612,7.6044173,5.999387,5,28.0,6.1867313,5.9816465,4,0.48695555,0.12173888,70.6133
RSDH08-47-N--694-521,22.620989,5.1890798,6.7161965,4,21.0,5.655247,0.0,0,0.0,0.0,0.0
RSDH08-5-N+-131-383,20.052502,5.937055,6.29546,3,18.0,6.330265,4.952333,10,1.0617079,0.106170796,92.59113
RSDH08-5-N+-196-63,52.399612,8.290061,15.723067,5,50.0,10.37939,1.3884393,3,0.50267106,0.16755702,87.0014
RSDH08-5-N+-21-17,29.469725,4.5501842,10.144418,4,27.0,7.367431,0.0,0,0.0,0.0,0.0
RSDH08-5-N+-223-323,31.07937,6.451288,6.856442,5,28.0,6.0831714,3.4110913,4,0.6635113,0.16587783,77.99938
RSDH08-5-N+-276-437,36.08411,9.458773,10.097669,4,31.0,8.244975,2.9479802,10,3.1042013,0.31042016,83.57049
RSDH08-5-N+-278-311,47.047646,4.2541103,14.164785,5,44.0,9.322266,6.0228434,4,0.43631902,0.109079756,79.65047
RSDH08-5-N+-279-470,34.506702,7.3239264,6.840859,6,30.0,5.751117,0.0,0,0.0,0.0,0.0
RSDH08-5-N+-361-302,20.304823,3.9268713,5.313742,4,18.0,5.008537,0.0,2,0.27067232,0.13533615,87.08909
RSDH08-5-N+-374-333,42.765877,5.500736,8.009571,6,39.0,7.127646,0.0,0,0.0,0.0,0.0
RSDH08-5-N+-426-428,31.292984,4.7060122,8.617301,4,29.0,7.670642,0.0,1,0.6104156,0.6104156,54.08267
RSDH08-5-N+-446-478,27.204058,8.710797,8.367975,5,21.0,4.8984947,4.305234,7,2.7115834,0.38736904,68.44448
RSDH08-5-N+-471-346,28.358952,8.274479,9.754847,3,25.0,8.796454,6.1095653,4,1.9695867,0.4923967,66.12733
RSDH08-5-N+-50-375,38.36921,7.62,10.440491,5,35.0,7.5039096,1.0283511,6,0.84965765,0.1416096,81.63386
RSDH08-5-N+-510-90,39.21059,6.0773005,8.477056,5,35.0,7.4556284,3.3621826,3,1.9324443,0.6441481,91.162544
RSDH08-5-N+-513-442,52.692772,10.113252,13.276565,5,45.0,9.406172,3.5204413,14,5.6619167,0.40442267,73.03506
RSDH08-5-N+-575-44,56.49635,5.360491,14.959509,4,54.0,14.0403805,4.82006,4,0.33482605,0.08370651,89.88272
RSDH08-5-N+-628-62,38.11862,3.506135,9.271779,5,35.0,7.6237245,0.0,0,0.0,0.0,0.0
RSDH08-5-N+-700-79,89.05872,12.481841,21.067976,5,79.0,16.36015,2.8588197,19,7.2579656,0.38199818,74.21788
RSDH08-5-N+-75-12,38.922394,4.6125154,12.076687,5,36.0,7.7844787,0.0,0,0.0,0.0,0.0
RSDH08-5-N+-78-408,41.349014,4.238528,15.536074,3,40.0,13.711751,0.0,1,0.21376333,0.21376333,47.92219
RSDH08-5-N--152-497,63.686386,14.305031,12.481841,5,57.0,12.033982,3.6222825,12,3.516475,0.2930396,78.08907
RSDH08-5-N--157-203,24.607254,3.2879755,7.978405,5,22.0,4.9214506,0.0,0,0.0,0.0,0.0
RSDH08-5-N--217-220,33.438686,8.913374,8.445889,5,30.0,6.5190015,2.0930462,7,0.84368265,0.12052609,84.69592
RSDH08-5-N--292-136,46.867123,7.993988,18.730553,4,41.0,10.761657,3.462526,18,3.8204927,0.2122496,81.75779
RSDH08-5-N--311-520,30.530704,4.9553375,6.061718,4,25.0,6.692147,1.9559402,12,3.7621183,0.31350988,74.67902
RSDH08-5-N--390-5421,28.948933,9.069202,9.427608,4,26.0,7.16554,0.0,2,0.2867726,0.1433863,87.67786
RSDH08-5-N--393-135,51.84524,4.020368,17.000858,3,49.0,16.693958,2.6821854,10,1.7633538,0.1763354,82.40571
RSDH08-5-N--41-150,53.778435,2.9139879,16.985277,3,52.0,17.641542,6.8386326,6,0.8538096,0.1423016,88.25247
RSDH08-5-N--422-242,20.526907,5.0644174,3.5684662,5,18.0,4.1053815,0.0,0,0.0,0.0,0.0
RSDH08-5-N--436-553,41.666534,13.463558,12.232515,5,35.0,7.490623,2.044539,13,4.2134123,0.3241086,70.647285
RSDH08-5-N--46-485,51.907585,11.391043,11.827362,5,47.0,9.83668,0.9595753,16,2.724194,0.17026211,91.903
RSDH08-5-N--474-179,25.922457,6.731779,11.671534,3,24.0,8.549646,0.0,1,0.2735195,0.2735195,42.41878
RSDH08-5-N--476-241,53.855682,8.508221,13.666135,5,51.0,10.715891,0.0,2,0.27622592,0.13811298,84.92594
RSDH08-5-N--500-104,49.9172,6.560368,11.983191,5,48.0,9.933575,0.0,1,0.24932516,0.24932516,89.9413
RSDH08-5-N--520-540,31.789543,11.905276,12.6065035,3,30.0,10.430298,2.1545124,5,0.4986503,0.09973007,84.4326
RSDH08-5-N--545-277,56.38174,10.565153,13.666135,4,50.0,12.989108,2.765686,21,4.425318,0.21072944,86.45973
RSDH08-5-N--60-268,53.374676,13.370062,12.403927,4,51.0,13.007027,4.1939487,5,1.3465711,0.26931426,90.699700000000007
RSDH08-5-N--609-226,44.969658,8.741963,11.219632,5,36.0,8.046625,2.9455206,25,4.7365355,0.18946142,78.02655
RSDH08-5-N--640-566,42.054214,6.311043,12.107853,4,41.0,10.513554,0.0,0,0.0,0.0,0.0
RSDH08-5-N--660-164,36.00308,7.993988,9.910675,5,32.0,7.0627003,13.202479,2,0.68958086,0.34479043,54.301704
RSDH08-5-N--668-100,43.134926,11.26638,8.1498165,5,40.0,8.5518439999999991,12.105605,3,0.3757093,0.12523644,89.920784
RSDH08-52-N+-107-23,27.90146,4.2541103,5.2825766,6,24.0,4.6502433,0.0,0,0.0,0.0,0.0
RSDH08-52-N+-150-443,38.54225,2.9919019,14.429693,4,35.0,9.319001,8.4416685,5,1.2662448,0.253249,92.02463
RSDH08-52-N+-192-337,23.659506,4.2541103,7.0590186,4,21.0,5.9148765,0.0,0,0.0,0.0,0.0
RSDH08-52-N+-241-425,35.60597,4.1606135,7.526503,5,32.0,6.8361654,23.446499,6,1.4251419,0.23752367,88.81211
RSDH08-52-N+-256-322,21.973633,5.7968097,6.685031,4,19.0,5.493408,0.0,0,0.0,0.0,0.0
RSDH08-52-N+-348-412,27.080254,4.9397545,7.355092,5,23.0,5.0164766,4.5493946,8,1.9978715,0.24973392,73.97092
RSDH08-52-N+-4-81,35.708324,10.222331,14.507607,4,33.0,8.757497,2.6635752,3,0.6783367,0.22611225,66.40279
RSDH08-52-N+-40-426,45.84272,11.110552,10.892393,5,38.0,8.107743,3.915991,18,5.304002,0.29466677,94.892654
RSDH08-52-N+-448-301,44.761738,4.129448,8.056319,6,42.0,7.294623,0.0,5,0.993999,0.1987998,97.8195
RSDH08-52-N+-467-471,38.20599,6.498037,9.910675,5,33.0,7.0401325,5.9465837,11,3.005328,0.27321166,72.18651
RSDH08-52-N+-481-60,36.642597,7.5576687,11.624785,5,34.0,7.222927,13.5300045,4,0.5279594,0.13198985,102.018906
RSDH08-52-N+-517-10,36.765026,4.97092,5.6253986,5,35.0,7.353005,0.0,0,0.0,0.0,0.0
RSDH08-52-N+-523-343,30.293453,7.277178,6.856442,5,27.0,5.7937393,11.49176,5,1.3247557,0.26495117,89.77205
RSDH08-52-N+-524-45,23.82311,3.7866259,6.342209,5,21.0,4.7646217,0.0,0,0.0,0.0,0.0
RSDH08-52-N+-529-377,28.595764,5.8435583,5.4539876,5,26.0,5.681497,0.0,1,0.18827905,0.18827905,75.82454
RSDH08-52-N+-549-40,40.86427,8.1498165,8.664049,5,38.0,7.94308,5.7548647,4,1.1488755,0.28721887,103.176155
RSDH08-52-N+-691-37,28.598896,4.129448,7.9316564,5,26.0,5.7197795,0.0,0,0.0,0.0,0.0
RSDH08-52-N+-702-398,27.95138,6.0149693,7.2148466000000004,5,25.0,5.5059795,4.533891,3,0.4214826,0.14049418,74.21529
RSDH08-52-N+-708-364,26.546997,1.4492024,8.960123,4,24.0,6.5566225,0.6588829,3,0.32050794,0.10683598,86.55021
RSDH08-52-N+-712-315,41.048214,4.487853,10.518405,5,37.0,8.007732,2.2531378,5,1.0095508,0.20191017,70.556564
RSDH08-52-N+-9-69,36.498936,5.3916564,10.674233,5,34.0,7.2997866,0.0,0,0.0,0.0,0.0
RSDH08-52-N--123-264,30.443655,4.285276,7.713497,5,27.0,5.7245064,6.33745,7,1.8211229,0.2601604,84.69158
RSDH08-52-N--137-539,22.642447,3.5528834,5.266994,5,20.0,4.528489,0.0,0,0.0,0.0,0.0
RSDH08-52-N--148-565,25.574291,5.703313,5.781227,5,24.0,5.114858,0.0,0,0.0,0.0,0.0
RSDH08-52-N--170-243,25.017647,6.4357057,7.464172,3,22.0,7.876261,3.6997967,6,1.3888627,0.23147713,77.67144
RSDH08-52-N--190-234,28.110907,6.2642946,9.365276,5,27.0,5.6221814,0.0,0,0.0,0.0,0.0
RSDH08-52-N--195-117,28.956354,5.531902,6.124049,5,26.0,5.788154,0.0,1,0.015582822,0.015582822,108.79426
RSDH08-52-N--254-529,43.613495,9.256196,11.313129,5,40.0,8.279448,2.3041387,12,2.21627,0.18468918,84.303
RSDH08-52-N--316-555,30.145887,6.8096933,6.685031,5,28.0,6.029177,0.0,0,0.0,0.0,0.0
RSDH08-52-N--362-173,28.181778,9.271779,6.9811044,5,26.0,5.6363554,0.0,0,0.0,0.0,0.0
RSDH08-52-N--376-142,32.983154,2.804908,12.326013,3,32.0,10.994385,0.0,0,0.0,0.0,0.0
RSDH08-52-N--377-245,35.546654,7.6667485,7.3862576,5,33.0,7.1093307,0.0,0,0.0,0.0,0.0
RSDH08-52-N--394-138,37.663513,8.445889,7.027853,5,32.0,7.1308656,4.6914263,9,2.0091898,0.22324333,85.60911
RSDH08-52-N--395-279,39.275898,7.5732517,8.757546,5,37.0,7.8115478,9.891322,2,0.21815951,0.109079756,84.73582
RSDH08-52-N--417-188,36.7144,9.848344,15.987976,4,35.0,9.17309,0.0,1,0.022037439,0.022037439,96.1215
RSDH08-52-N--507-516,33.111374,4.035951,7.635583,5,30.0,6.622275,0.0,0,0.0,0.0,0.0
RSDH08-52-N--519-214,37.80747,12.886994,7.2148466000000004,5,34.0,7.2373557,0.93100744,9,1.620692,0.18007691,91.33536
RSDH08-52-N--552-160,27.642181,10.191166,7.1369324,5,25.0,5.388192,5.285481,4,0.7012181,0.17530453,88.68715
RSDH08-52-N--57-487,40.97193,7.090184,8.741963,5,37.0,8.050767,9.273757,4,0.71809846,0.17952462,86.25441
RSDH08-52-N--697-506,19.648409,5.376074,5.1890798,4,18.0,4.912102,0.0,0,0.0,0.0,0.0
RSDH08-62-N+-142-50,22.60241,5.9838037,6.4357057,4,21.0,5.5424385,3.0056,3,0.43265492,0.14421831,89.45641
RSDH08-62-N+-15-462,43.14061,9.926258,9.614601,5,40.0,8.57756,0.0,1,0.25280964,0.25280964,88.79342
RSDH08-62-N+-156-41,30.188295,5.7968097,7.869325,5,28.0,6.037659,0.0,0,0.0,0.0,0.0
RSDH08-62-N+-159-402,36.82074,7.199264,7.2148466000000004,5,34.0,7.346518,0.0,1,0.088149756,0.088149756,76.561806
RSDH08-62-N+-161-424,35.013157,6.9811044,7.448589,5,31.0,6.683774,2.768687,6,1.5942879,0.26571465,78.82354
RSDH08-62-N+-239-73,27.87005,8.196565,6.949939,4,25.0,6.7389393,20.056513,4,0.91429335,0.22857334,85.631256
RSDH08-62-N+-245-363,32.52481,3.8177915,8.22773,5,29.0,6.333975,2.1337924,5,0.85493433,0.17098688,82.239975
RSDH08-62-N+-284-355,40.295433,9.599018,7.651166,5,37.0,7.7878265,1.9706535,9,1.356297,0.15069966,91.74723
RSDH08-62-N+-330-293,50.633633,8.804295,11.297546,5,48.0,10.102992,0.0,1,0.11867524,0.11867524,96.07571
RSDH08-62-N+-338-454,19.356556,3.7087116,6.6226993,4,17.0,4.8005733,0.0,1,0.15426207,0.15426207,99.05236
RSDH08-62-N+-366-386,35.858315,8.383558,8.305644,5,34.0,7.1364026,0.0,1,0.17629951,0.17629951,82.537575
RSDH08-62-N+-588-3,25.576824,6.1396317,6.40454,5,24.0,5.115365,0.0,0,0.0,0.0,0.0
RSDH08-62-N+-682-9,29.926342000000002,2.9919019,8.757546,4,28.0,7.4815855000000004,0.0,0,0.0,0.0,0.0
RSDH08-62-N+-699-326,34.30175,6.731779,9.94184,6,31.0,5.6940227,0.0,2,0.13761115,0.068805575,92.942505
RSDH08-62-N+-710-21,34.662376,5.4539876,11.468957,4,33.0,8.665594,0.0,0,0.0,0.0,0.0
RSDH08-62-N+-718-321,21.711058,5.2358284,6.7941103,5,18.0,4.320174,0.0,1,0.110187195,0.110187195,93.74324
RSDH08-62-N+-79-304,23.600775,4.58135,5.500736,6,18.0,3.717495,17.909481,3,1.2958057,0.43193525,84.83553
RSDH08-62-N+-8-82,42.500523,4.7839265,12.450675,5,41.0,8.500104,0.0,0,0.0,0.0,0.0
RSDH08-62-N--147-271,30.478453,4.5501842,5.7500615,5,27.0,6.0007005,2.3188295,3,0.47494888,0.1583163,96.430176
RSDH08-62-N--201-158,41.56354,5.1111655,9.848344,5,39.0,8.293752,0.0,1,0.09478661,0.09478661,86.36326
RSDH08-62-N--211-182,29.247683,9.178283,10.346994,5,26.0,5.625141,3.087008,5,1.1219813,0.22439626,83.39116
RSDH08-62-N--218-543,23.626974,7.4953375,8.180982,4,21.0,5.762276,4.69683,4,0.57786983,0.14446746,92.90268
RSDH08-62-N--331-189,22.612019,6.575951,6.29546,4,21.0,5.6530046,0.0,0,0.0,0.0,0.0
RSDH08-62-N--353-489,30.447716,6.51362,5.5630674,5,26.0,5.9251685,0.0,3,0.8218723,0.27395743,63.86832
RSDH08-62-N--357-146,25.921001,4.0826993,7.822577,5,23.0,5.0368953,2.1585014,6,0.73652565,0.122754276,86.64396
RSDH08-62-N--365-240,40.081203,9.443191,6.8096933,5,37.0,7.7856016,2.8581786,7,1.1531905,0.1647415,87.327644
RSDH08-62-N--385-221,26.460136,8.664049,4.7839265,4,24.0,6.492373,0.0,3,0.49064422,0.16354808,85.35318
RSDH08-62-N--449-574,27.817348,6.840859,4.9397545,5,25.0,5.56347,0.0,0,0.0,0.0,0.0
RSDH08-62-N--483-498,42.32569,10.502822,8.975706,5,38.0,8.105576,3.5402265,9,1.7978193,0.1997577,78.936874
RSDH08-62-N--509-280,44.343346,10.845644,10.611902,6,38.0,6.7581606,2.3360898,20,3.7943804,0.189719,82.26575
RSDH08-62-N--518-120,25.260767,5.3916564,6.8876076,4,23.0,6.3151917,0.0,0,0.0,0.0,0.0
RSDH08-62-N--528-501,17.272245,4.456687,5.2358284,4,14.0,4.202597,7.8656235,4,0.46185762,0.1154644,79.44387
RSDH08-62-N--566-574,27.383144,4.4411044,5.1267486,5,23.0,5.205576,3.9722557,9,1.355265,0.15058498,87.206406
RSDH08-62-N--648-546,30.582115,9.77043,6.8720245,5,27.0,6.0373745,2.9240053,2,0.39524043,0.19762021,82.55199
RSDH08-62-N--679-206,31.870193,4.9397545,11.110552,3,30.0,10.623398,0.0,0,0.0,0.0,0.0
RSDH08-62-N--69-98,12.379782,2.6490798,3.5373006,4,12.0,3.0949454,0.0,0,0.0,0.0,0.0
RSDH08-62-N--89-254,28.867853,5.344908,5.6721473,4,27.0,7.087515,14.459074,4,0.51779205,0.12944801,75.729645
RSDH08-62-N--91-108,26.78342,6.949939,7.370675,4,25.0,6.5587835,1.9367005,6,0.5482873,0.091381215,92.39954
RSDH08-65-N+-166-340,22.80874,7.4174232,7.0434356,3,21.0,7.602913,0.0,0,0.0,0.0,0.0
RSDH08-65-N+-175-433,34.76928,9.084785,10.549571,4,30.0,7.8477488,3.298296,12,3.3782847,0.28152373,83.74691
RSDH08-65-N+-20-399,29.31788,7.292761,7.806994,5,24.0,5.4946046,4.132586,12,1.844858,0.1537382,88.96258
RSDH08-65-N+-226-450,45.19957,10.175583,13.650553,4,42.0,11.225445,0.0,3,0.29778707,0.099262364,102.01049
RSDH08-65-N+-25-16,22.445862,2.54,5.5786505,5,20.0,4.489172,0.0,0,0.0,0.0,0.0
RSDH08-65-N+-272-297,31.824205,9.302945,12.419509,4,30.0,7.8580785,0.0,2,0.39189073,0.19594538,87.66792
RSDH08-65-N+-291-421,26.925741,2.54,6.856442,4,25.0,6.7314353,0.0,0,0.0,0.0,0.0
RSDH08-65-N+-319-366,30.158463,4.799509,10.814479,5,28.0,6.0316925,0.0,0,0.0,0.0,0.0
RSDH08-65-N+-320-93,38.08851,8.414724,10.970306,4,34.0,8.88403,3.0257165,9,2.552383,0.28359807,65.07017
RSDH08-65-N+-405-458,48.007153,5.422822,15.910062,4,46.0,12.001788,0.0,0,0.0,0.0,0.0
RSDH08-65-N+-419-307,26.58383,3.334724,13.2453985,3,24.0,8.2923565,2.5256083,9,1.706758,0.18963976,84.70045
RSDH08-65-N+-421-325,21.686651,2.8984048,5.6253986,5,18.0,4.314856,0.0,1,0.11236933,0.11236933,90.59827
RSDH08-65-N+-428-55,27.596195,6.747362,8.55497,5,25.0,5.519239,0.0,0,0.0,0.0,0.0
RSDH08-65-N+-45-75,27.947895,1.5894479,7.183681,4,26.0,6.986974,0.0,0,0.0,0.0,0.0
RSDH08-65-N+-487-391,18.681055,5.874724,8.477056,3,17.0,6.157492,23.903967,3,0.20857865,0.06952621,86.36123
RSDH08-65-N+-55-381,35.722885,5.7968097,8.445889,5,32.0,6.9874363,1.5095897,7,0.78570694,0.11224385,89.952896
RSDH08-65-N+-658-52,31.989126,6.061718,11.391043,4,29.0,7.7565103,3.349688,6,0.96308404,0.16051401,64.80421
RSDH08-65-N+-681-317,35.788296,9.1003685,7.370675,5,31.0,6.681733,3.5707111,13,2.37963,0.18304847,85.63463
RSDH08-65-N+-701-6,25.581402,3.7242944,8.196565,5,22.0,5.11628,0.0,0,0.0,0.0,0.0
RSDH08-65-N--106-541,32.76322,8.788712,9.33411,4,29.0,7.960834,21.42682,6,0.91988176,0.15331362,89.42148
RSDH08-65-N--108-488,33.03826,6.560368,7.4797544,6,31.0,5.5063767,0.0,0,0.0,0.0,0.0
RSDH08-65-N--12-212,27.569693,4.7215953,9.957423,4,25.0,6.740738,3.9933596,4,0.60674167,0.15168542,89.3308
RSDH08-65-N--146-124,35.602036,5.142331,11.609202,4,33.0,8.900509,0.0,0,0.0,0.0,0.0
RSDH08-65-N--151-517,21.201921,4.456687,6.0928836,3,20.0,7.0408216,0.0,1,0.07945711,0.07945711,101.68974
RSDH08-65-N--275-549,32.07132,7.9316564,9.131534,5,30.0,6.414264,0.0,0,0.0,0.0,0.0
RSDH08-65-N--290-177,43.881638,10.674233,11.250797,5,41.0,8.776327,0.0,0,0.0,0.0,0.0
RSDH08-65-N--299-201,31.479902,2.711411,11.6559515,5,28.0,6.020293,1.1373597,11,1.3784367,0.12531242,86.325096
RSDH08-65-N--3-101,31.182753,7.8537426,6.9343557,6,28.0,5.1971254,0.0,0,0.0,0.0,0.0
RSDH08-65-N--325-494,31.273447,9.053619,13.276565,3,29.0,10.228364,21.243694,4,0.58835435,0.14708859,83.26245
RSDH08-65-N--349-246,33.55318,5.485153,14.460859,3,30.0,10.657883,2.3233817,10,1.5795318,0.15795314,87.031296
RSDH08-65-N--427-151,33.06883,6.3577914,7.6044173,5,30.0,6.5289817,0.53317297,3,0.42391992,0.14130664,85.637146
RSDH08-65-N--441-232,38.05724,6.326626,9.754847,4,37.0,9.51431,0.0,0,0.0,0.0,0.0
RSDH08-65-N--443-106,34.74693,5.4539876,11.811779,5,31.0,6.86468,0.61793995,3,0.4235231,0.14117436,98.380486
RSDH08-65-N--482-269,39.142216,10.643067,14.866013,3,36.0,12.5597725,2.129332,10,1.4628947,0.14628948,86.14491
RSDH08-65-N--515-163,43.928837,8.632883,21.052393,5,42.0,8.760641,0.0,1,0.12563273,0.12563273,95.88973
RSDH08-65-N--617-148,47.309025,8.1498165,10.48724,5,44.0,9.402591,0.0,2,0.29607362,0.14803681,101.06794
RSDH08-65-N--633-275,45.670235,10.331411,16.813866,5,42.0,8.885787,3.7045512,8,1.2413061,0.15516327,78.996025
RSDH08-65-N--667-196,40.968468,11.718283,15.536074,4,39.0,10.214848,0.0,1,0.109079756,0.109079756,83.506195
RSDH08-65-N--82-492,27.164371,7.2304296,6.669448,4,24.0,6.780074,0.0,1,0.044074878,0.044074878,70.90411
RSDH08-73-N+-104-431,45.376667,5.8123927,13.697301,4,43.0,11.266645,0.0,1,0.31008488,0.31008488,68.68493
RSDH08-73-N+-17-329,23.863276,5.329325,5.2202454,5,23.0,4.772655,0.0,0,0.0,0.0,0.0
RSDH08-73-N+-225-467,61.53029,13.105153,16.626871,5,55.0,11.546032,4.744441,15,3.8001316,0.2533421,90.853096
RSDH08-73-N+-236-46,33.148045,4.799509,5.2981596,5,30.0,6.472778,1.748644,4,0.7841517,0.19603792,88.36929
RSDH08-73-N+-24-338,47.379234,3.5217178,16.424295,4,41.0,10.917382,2.4578745,10,3.7097054,0.37097052,NaN
RSDH08-73-N+-242-475,38.190052,3.3814723,8.94454,5,34.0,7.597148,0.0,2,0.20430735,0.10215367,104.4845
RSDH08-73-N+-28-318,20.892475,4.3164415,5.4539876,5,20.0,4.1784954,0.0,0,0.0,0.0,0.0
RSDH08-73-N+-281-76,32.943947,9.4120245,12.061105,5,29.0,6.247124,1.3050013,7,1.7083268,0.24404669,72.883156
RSDH08-73-N+-285-342,25.14786,7.183681,6.046135,5,18.0,4.3588114,3.595643,14,3.353804,0.23955743,87.24496
RSDH08-73-N+-289-423,33.950920000000004,4.5969324,8.103067,5,30.0,6.7535996,19.138968,2,0.18292487,0.091462426,89.31672
RSDH08-73-N+-317-306,52.92128,7.7758284,10.861227,5,45.0,9.544457,4.191359,12,5.1989884,0.43324903,74.4851
RSDH08-73-N+-358-11,33.490932,6.51362,9.458773,3,31.0,11.163644,0.0,0,0.0,0.0,0.0
RSDH08-73-N+-470-368,21.084995,2.5867486,6.8876076,3,19.0,6.9640307,0.95942897,2,0.19290176,0.09645089,95.31813
RSDH08-73-N+-537-61,61.47615,11.9676075,17.000858,5,53.0,11.108175,7.3207664,24,5.9352713,0.247303,80.64846
RSDH08-73-N+-625-439,24.612696,6.061718,5.9682207,4,22.0,6.070228,4.8876452,3,0.3317821,0.110594034,96.670006
RSDH08-73-N+-636-42,30.89935,3.6463804,7.183681,5,29.0,6.17987,0.0,0,0.0,0.0,0.0
RSDH08-73-N+-646-373,31.191954,7.791411,7.3239264,5,28.0,6.211946,0.0,1,0.13222462,0.13222462,94.08459
RSDH08-73-N+-94-88,29.391277,6.061718,8.290061,5,25.0,5.636007,3.2261863,5,1.2112439,0.24224876,74.757126
RSDH08-73-N--127-518,32.893032,6.388957,6.8876076,5,30.0,6.5209823,0.0,2,0.2881241,0.14406204,83.93793
RSDH08-73-N--138-21,29.513395,4.8618407,11.48454,5,24.0,5.498464,1.3962711,11,2.0210772,0.1837343,82.0117
RSDH08-73-N--2-573,25.551975,3.8022087,4.8618407,5,23.0,5.110395,0.0,0,0.0,0.0,0.0
RSDH08-73-N--22-126,27.246313,6.918773,9.147117,4,23.0,6.4453716,1.649085,7,1.4648284,0.20926122,75.51322
RSDH08-73-N--263-141,17.982882,4.97092,4.5501842,5,15.0,3.5496702,0.0,2,0.2345292,0.117264606,89.32765
RSDH08-73-N--266-505,25.627266,5.0644174,6.7941103,5,23.0,5.085584,0.0,1,0.19934729,0.19934729,84.66597
RSDH08-73-N--305-554,26.617851,6.5447855,6.9655213,3,22.0,7.92011,2.46672,6,2.8575222,0.47625372,54.98886
RSDH08-73-N--337-169,26.741892,7.448589,7.4797544,4,24.0,6.5637617,8.359025,3,0.48684785,0.16228262,85.3036
RSDH08-73-N--340-251,34.374134,7.12135,14.211534,3,31.0,10.914078,2.5685163,5,1.631902,0.32638037,86.57289
RSDH08-73-N--354-233,22.018936,5.033252,7.5732517,3,20.0,7.130379,2.068948,5,0.6278009,0.1255602,74.18891
RSDH08-73-N--383-531,39.799484,3.9268713,13.105153,4,37.0,9.751686,2.7835057,7,0.79273725,0.113248184,78.53803
RSDH08-73-N--402-191,43.683006,6.061718,8.960123,5,36.0,7.7668676,3.2362022,17,4.8486705,0.28521588,83.322235
RSDH08-73-N--433-112,34.56182,3.7398772,10.798896,5,31.0,6.6483765,10.466628,7,1.3199408,0.18856297,83.01628
RSDH08-73-N--473-155,26.633934,5.7968097,5.204663,5,23.0,5.205791,0.0,2,0.6049799,0.30248994,74.98625
RSDH08-73-N--485-263,35.996967,3.8801227,11.453374,4,33.0,8.892793,4.806158,4,0.4257937,0.10644842,86.28757
RSDH08-73-N--544-281,47.17942,8.1498165,11.157301,5,43.0,9.00033,22.233912,9,2.1777668,0.24197407,85.15036
RSDH08-73-N--590-230,28.368425,6.731779,12.886994,2,24.0,12.137643,3.4043765,14,4.0931363,0.2923669,82.2404
RSDH08-73-N--639-195,39.396996,8.258896,11.48454,5,36.0,7.773609,5.239183,4,0.52895045,0.13223761,84.63174
RSDH08-85-N+-115-39,36.644363,9.131534,11.468957,4,33.0,8.861029,1.9498563,7,1.2002507,0.17146441,87.29508
RSDH08-85-N+-129-464,48.046074,11.48454,15.286749,3,42.0,14.706535,2.2990806,11,3.9264624,0.35695112,92.5672
RSDH08-85-N+-176-436,47.000687,11.546871,13.463558,5,44.0,9.289897,0.0,1,0.55120546,0.55120546,66.583405
RSDH08-85-N+-209-406,54.78877,10.87681,10.830062,5,45.0,9.675892,3.9699752,19,6.4093103,0.33733213,79.3426
RSDH08-85-N+-215-68,35.5166,5.1111655,11.531288,5,32.0,6.853833,12.023565,3,1.2474341,0.4158114,65.58379
RSDH08-85-N+-221-48,30.614044,6.4668713,6.8252764,4,28.0,7.2903914,3.7444146,7,1.4524761,0.20749658,84.07012
RSDH08-85-N+-298-440,26.69937,5.2358284,9.178283,4,25.0,6.5619917,1.2829967,3,0.4514016,0.15046719,98.25526
RSDH08-85-N+-429-372,37.96196,4.830675,8.710797,5,35.0,7.4679255,4.399908,3,0.62233627,0.20744541,83.348206
RSDH08-85-N+-444-441,59.794662,12.575337,16.424295,4,54.0,14.162716,2.1014445,15,3.143798,0.20958655,81.92289
RSDH08-85-N+-486-473,32.527805,5.9838037,8.882209,4,29.0,7.7623453,8.695896,4,1.4784259,0.36960647,95.3199
RSDH08-85-N+-548-25,30.663715,4.3320246,8.866626,5,29.0,6.049777,9.26208,4,0.4148308,0.10370771,77.353615
RSDH08-85-N+-554-350,31.535742,5.594233,7.246012,5,27.0,5.875722,5.631786,8,2.157133,0.2696416,87.5959
RSDH08-85-N+-561-87,34.94495,5.9058895,12.123436,5,30.0,6.52966,6.8515773,6,2.2966504,0.38277507,73.69549
RSDH08-85-N+-573-56,42.6673,8.087484,17.125523,4,40.0,10.523601,3.0928905,4,0.57289916,0.14322478,83.163414
RSDH08-85-N+-581-339,46.796143,8.975706,15.536074,5,41.0,8.932766,1.7705504,7,2.1323144,0.30461633,95.0603
RSDH08-85-N+-603-7,32.33014,5.531902,7.3083434,5,29.0,6.466028,0.0,0,0.0,0.0,0.0
RSDH08-85-N+-606-387,39.058273,9.240614,8.788712,5,32.0,7.023901,4.813952,19,3.9387658,0.20730348,90.73711
RSDH08-85-N+-634-309,40.048035,6.0305524,12.216932,5,33.0,7.03134,2.585121,8,4.891336,0.61141694,55.34085
RSDH08-85-N+-653-299,47.662846,11.0170555,13.214233,5,41.0,8.747341,5.40077,15,3.92614,0.26174265,76.31771
RSDH08-85-N+-706-360,43.491898,10.752148,11.952024,5,35.0,7.589617,3.0509212,17,5.5438175,0.32610694,79.16854
RSDH08-85-N+-92-327,35.439667,6.7785277,11.422209,5,32.0,6.966707,3.8748224000000002,5,0.6061328,0.12122657,90.25258
RSDH08-85-N--117-558,41.17868,5.002086,7.791411,5,40.0,8.213699,0.0,1,0.110187195,0.110187195,84.01059
RSDH08-85-N--167-503,35.696514,5.781227,8.22773,5,30.0,6.494028,4.057497,13,3.2263737,0.2481826,76.96068
RSDH08-85-N--30-519,57.181675,9.349693,13.837546,5,54.0,11.20625,2.988286,8,1.1504279,0.14380349,91.574700000000007
RSDH08-85-N--321-535,48.953075,11.126135,9.645767,5,43.0,8.968193,1.8892399,20,4.1121054,0.20560527,86.87602
RSDH08-85-N--324-157,36.564205,10.128835,8.695215,4,33.0,8.869671,1.715044,7,1.085521,0.15507443,91.762856
RSDH08-85-N--343-181,63.168175,11.406626,15.769816,4,58.0,14.9646225,3.5717728,19,3.3096898,0.1741942,84.20518
RSDH08-85-N--406-247,59.27439,12.450675,17.904663,5,56.0,11.606859,8.209338,7,1.2400985,0.17715693,NaN
RSDH08-85-N--434-515,51.300644,11.671534,12.762331,4,45.0,11.796512,3.2651098,20,4.1146026000000004,0.20573014,81.42525
RSDH08-85-N--49-261,35.03114,7.01227,8.741963,5,31.0,6.592692,4.145789,8,2.0676734,0.25845918,70.166756
RSDH08-85-N--508-199,52.186153,16.019142,15.380245,4,49.0,12.671997,2.0057907,8,1.4981668,0.18727085,82.81221
RSDH08-85-N--516-504,40.908302,10.87681,9.287362,5,38.0,7.9263444,3.3789976,3,1.2765797,0.42552653,89.50003
RSDH08-85-N--534-272,41.04326,10.720982,9.1003685,4,34.0,9.0624895,4.02892,19,4.793294,0.2522787,87.37822
RSDH08-85-N--542-103,43.62847,7.4330063,13.370062,5,41.0,8.619345,6.0854883,4,0.5317469,0.13293673,81.84693
RSDH08-85-N--556-133,57.963367,14.616687,16.315214,4,55.0,14.334771,4.034875,7,0.6242821,0.08918316,86.64658
RSDH08-85-N--6-165,38.26058,8.196565,15.910062,4,35.0,9.241794,2.2736893,8,1.2934011,0.16167514,88.50049
RSDH08-85-N--605-228,44.324944,9.4120245,11.7027,5,40.0,8.56488,4.469656,9,1.50054,0.16672665,80.46565
RSDH08-85-N--684-567,49.294685,11.749448,17.904663,4,43.0,11.26037,3.2762995,14,4.253198,0.30379993,83.484146
RSDH08-85-N--70-145,43.340717,5.0488343,11.391043,5,40.0,8.618707,1.0949005,4,0.24718599,0.061796498,91.45754
RSDH08-85-N--714-239,50.504337,14.601105,15.878896,5,48.0,9.983546,1.7359792,4,0.5866057,0.14665145,74.496925
RSDH08-85-N--76-123,51.496223,13.183067,21.270552,3,47.0,16.028866,6.3230195,19,3.4096243,0.17945394,87.25803
RSDH08-85-N--93-208,60.50013,11.250797,16.377546,4,57.0,14.802515,1.7105839,8,1.2900739,0.16125923,86.12607
RSDH08-90-N+-105-54,93.15944,23.420982,26.272638,5,75.0,15.632297,5.061744,45,14.997949,0.33328772,78.22355
RSDH08-90-N+-183-331,45.739937,9.1003685,12.964909,4,44.0,11.337213,0.0,2,0.39108795,0.19554397,76.38691
RSDH08-90-N+-203-308,78.5859,21.971779,21.551043,3,67.0,22.63609,3.0052195,25,10.677635,0.42710534,89.24401
RSDH08-90-N+-214-72,77.825516,8.352393,21.14589,5,67.0,13.739939,4.096169,38,9.1258335,0.2401535,78.941826
RSDH08-90-N+-232-407,38.172775,4.3164415,9.287362,5,35.0,7.48329,3.615475,7,0.7563249,0.108046405,92.66078
RSDH08-90-N+-251-419,30.401188,3.4749694,7.993988,4,28.0,7.4261355,0.0,2,0.6966437,0.34832183,62.94442
RSDH08-90-N+-264-294,63.011402,6.0928836,16.767117,5,57.0,12.245877,2.3571863,13,1.7820106,0.13707775,82.19804
RSDH08-90-N+-315-378,83.4099,19.244785,19.135706,4,66.0,16.9946,2.4025207,28,15.431491,0.55112475,77.506485
RSDH08-90-N+-351-3,57.829338,10.48724,11.562454,5,54.0,11.252446,1.2952527,6,1.5671078,0.26118463,88.31794
RSDH08-90-N+-37-451,82.885735,11.344295,21.75362,6,68.0,11.911954,2.711571,30,11.413995,0.38046652,81.29987
RSDH08-90-N+-404-64,85.543846,13.229816,18.964294,5,70.0,14.626888,2.4717116,36,12.409419,0.3447061,80.07897
RSDH08-90-N+-415-394,57.8519,12.076687,23.46773,4,48.0,12.5009365,3.329917,22,7.848146,0.3567339,87.9805
RSDH08-90-N+-463-30,65.63463,9.55227,18.231901,4,52.0,13.817256,3.2145262,34,10.365606,0.30487075,80.07583
RSDH08-90-N+-541-365,63.12929,13.619387,17.374847,5,56.0,11.671194,6.716336,12,4.7733192,0.3977766,76.582306
RSDH08-90-N+-557-455,53.594437,6.0928836,15.754233,5,50.0,10.453306,0.66199523,5,1.3279055,0.26558113,79.59499
RSDH08-90-N+-643-22,45.70101,6.342209,12.2792635,5,43.0,9.1402025,0.0,0,0.0,0.0,0.0
RSDH08-90-N+-66-359,55.03382,6.8096933,19.790184,6,50.0,8.948795,0.8589523,10,1.3410455,0.13410453,87.54627
RSDH08-90-N+-673-14,61.804455,7.090184,14.289448,5,56.0,11.817139,3.3512738,12,2.7187624,0.22656353,83.90673
RSDH08-90-N+-688-388,51.062008,8.679632,14.866013,5,48.0,10.212402,0.0,0,0.0,0.0,0.0
RSDH08-90-N+-705-80,61.581406,12.715583,18.901964,5,57.0,11.932165,4.267517,6,1.9205807,0.32009676,75.56015
RSDH08-90-N--11-200,53.710392,11.609202,17.49951,5,46.0,9.813022,1.6676246,23,4.6452885,0.20196906,85.08819
RSDH08-90-N--110-223,60.43146,16.767117,19.088957,4,54.0,13.847002,2.9550998,31,5.043458,0.16269219,82.03407
RSDH08-90-N--121-500,78.057915,20.32,18.340982,5,65.0,13.483005,2.4276912,34,10.642913,0.31302685,84.1761
RSDH08-90-N--122-547,63.569008,12.185767,17.000858,5,52.0,11.042052,2.5733998,23,8.358748,0.36342382,80.40631
RSDH08-90-N--128-168,69.94874,11.858528,19.525276,5,60.0,12.489585,3.2040985,25,7.5008116,0.30003247,74.24293
RSDH08-90-N--169-530,69.40802,17.655338,20.725153,5,58.0,12.154828,3.4671106,22,8.633877,0.39244893,77.69153
RSDH08-90-N--213-552,52.452232,15.504909,14.928344,5,51.0,10.446675,6.33839,3,0.21885362,0.072951205,86.52566
RSDH08-90-N--267-249,84.79828,18.808466,17.094357,5,64.0,13.416762,2.5959473,36,17.714468,0.4920686,73.30963
RSDH08-90-N--367-285,86.88475,19.556442,19.774601,5,77.0,15.966865,2.4994614,25,7.0504413,0.28201765,84.10941
RSDH08-90-N--387-102,66.39698,15.286749,18.49681,5,54.0,11.328381,3.6568027,28,9.755075,0.3483956,81.33277
RSDH08-90-N--388-229,109.81355,20.616074,26.44405,5,78.0,16.025858,4.374873,52,29.684277,0.57085156,73.02734
RSDH08-90-N--412-490,40.481136,13.307731,14.569939,3,38.0,13.275323,2.9208949,3,0.6551686,0.21838951,63.23001
RSDH08-90-N--416-524,69.40341,16.876196,19.899263,4,57.0,14.55442,3.3117428,30,11.185721,0.3728574,78.56365
RSDH08-90-N--432-178,102.682625,10.845644,24.215706,5,90.0,18.352928,2.5107795999999998,30,10.917988,0.36393297,78.21668
RSDH08-90-N--453-114,55.843464,5.0488343,14.725767,5,52.0,10.981997,6.6065736,6,0.93347824,0.1555797,90.94562
RSDH08-90-N--493-144,84.53008,5.0644174,23.436565,5,69.0,14.159964,3.1141074,32,13.730269,0.42907104,77.847946
RSDH08-90-N--531-258,58.15483,18.49681,15.613988,6,54.0,9.449855,2.3707452,7,1.4556988,0.20795697,84.90785
RSDH08-90-N--58-509,52.62065,12.715583,15.972393,5,46.0,9.615207,3.2082877,15,4.544613,0.30297422,84.52853
RSDH08-90-N--620-153,74.847595,16.174969,22.735338,4,63.0,16.289679,3.8569953,29,9.688885,0.3340995,87.29442
RSDH08-90-N--65-194,60.917904,12.20135,15.115337,5,56.0,11.803665,3.6486568,11,1.8995816,0.17268923,79.500015
RSDH08-Rialto-N+-102-26,28.853363,6.4668713,9.567853,6,24.0,4.5700455,20.622408,3,1.43309,0.47769663,58.560684
RSDH08-Rialto-N+-160-335,23.892033,4.378773,7.7602453,5,21.0,4.5755877,4.193121,6,1.0140952,0.16901587,97.396996
RSDH08-Rialto-N+-164-401,34.838173,10.549571,10.346994,5,32.0,6.8419814,1.59065,6,0.62826544,0.10471091,87.95243
RSDH08-Rialto-N+-178-59,51.461273,12.045522,17.655338,5,48.0,9.959543,5.0976815,5,1.6635551,0.33271104,71.26877
RSDH08-Rialto-N+-181-2,42.105644,9.240614,14.8348465,5,34.0,7.3287063,4.066859,17,5.462115,0.32130086,75.89686
RSDH08-Rialto-N+-206-348,32.85859,8.539387,8.056319,5,28.0,5.9907713,4.828514,10,2.9047272,0.29047275,85.685104
RSDH08-Rialto-N+-27-476,52.20217,12.185767,13.868711,4,47.0,12.156652,5.146144,13,3.5755646,0.27504343,89.22193
RSDH08-Rialto-N+-363-376,31.554846,3.942454,8.866626,5,29.0,6.198219,16.062578,5,0.56375617,0.11275124,91.12037
RSDH08-Rialto-N+-364-305,48.67107,9.66135,17.45276,5,43.0,8.976879,1.1553242,9,3.7866795,0.42074215,78.05004
RSDH08-Rialto-N+-399-38,45.772533,8.274479,18.231901,5,39.0,8.134443,2.9583547,16,5.10032,0.31877002,79.377846
RSDH08-Rialto-N+-424-291,42.976425,7.1369324,14.41411,6,36.0,6.647322,2.4186466,15,3.092493,0.20616622,80.092705
RSDH08-Rialto-N+-480-392,35.919086,10.175583,8.274479,5,31.0,6.7134624,5.250912,6,2.3517714,0.3919619,87.63407
RSDH08-Rialto-N+-488-456,30.599152,9.022454,7.2148466000000004,5,26.0,5.877097,24.019732,4,1.2136687,0.30341718,78.96558
RSDH08-Rialto-N+-563-67,37.239777,8.882209,8.788712,5,34.0,7.281435,0.57119244,5,0.83260417,0.16652083,78.97429
RSDH08-Rialto-N+-593-362,23.688461,7.2304296,6.279877,4,22.0,5.7055473,3.1139157,6,0.8662709,0.14437848,87.25788
RSDH08-Rialto-N+-612-438,53.798473,13.5726385,18.49681,5,49.0,10.188943,5.0138116,8,2.8537571,0.35671964,76.904625
RSDH08-Rialto-N+-642-365,31.151533,7.7602453,9.443191,6,26.0,4.871366,3.8866038,5,1.9233395,0.38466787,75.969284
RSDH08-Rialto-N+-68-445,43.949482,8.11865,16.143805,5,36.0,7.7231135,2.5065641,12,5.333909,0.44449243,69.34823
RSDH08-Rialto-N+-683-84,62.64881,14.227117,13.089571,5,55.0,11.797109,2.9092221,14,3.663266,0.26166186,82.80547
RSDH08-Rialto-N--171-259,57.87009,10.814479,27.067362,4,49.0,12.784153,2.5691273,21,6.7334776,0.32064176,76.65812
RSDH08-Rialto-N--237-162,20.485447,4.3164415,9.879509,4,19.0,5.0544124,2.5688283,3,0.26779646,0.08926549,84.54218
RSDH08-Rialto-N--246-255,42.764324,9.676932,11.26638,4,38.0,10.260985,1.3550661,6,1.7203851,0.28673086,77.960106
RSDH08-Rialto-N--250-571,31.564062,12.871411,8.165399,5,29.0,6.1614614,1.7741029,5,0.756755,0.151351,91.55937
RSDH08-Rialto-N--270-536,32.975468,7.3862576,7.635583,4,29.0,7.7023396,4.7536745,4,2.166107,0.54152673,62.843754
RSDH08-Rialto-N--280-131,48.613285,9.380859,16.954111,4,43.0,11.323579,1.5104094,17,3.3189714,0.1952336,74.17571
RSDH08-Rialto-N--322-583,32.878902,9.910675,5.937055,5,29.0,6.3634706,6.7061963,2,1.0615478,0.5307739,43.88846
RSDH08-Rialto-N--373-119,34.7977,8.788712,9.084785,5,31.0,6.774827,0.0,3,0.92356133,0.30785373,65.87732
RSDH08-Rialto-N--378-507,51.499832,9.318528,11.546871,5,47.0,9.949022,3.118109,10,1.7547195,0.17547198,83.85123
RSDH08-Rialto-N--457-107,24.725285,5.329325,4.6748466,5,21.0,4.699848,1.1656585,3,1.226042,0.40868068,95.914215
RSDH08-Rialto-N--498-284,51.186363,10.783313,14.8348465,5,44.0,9.202115,16.060844,18,5.1757946,0.28754413,76.53288
RSDH08-Rialto-N--564-237,72.45425,22.408098,26.07006,3,66.0,22.493248,2.576404,21,4.974496,0.23688075,82.1889
RSDH08-Rialto-N--567-270,41.10338,11.391043,9.489939,5,36.0,7.614097,2.9085052,13,3.0328946,0.23329961,83.8129
RSDH08-Rialto-N--582-139,30.30966,5.6877303,8.477056,6,27.0,5.000558,2.1115384,3,0.30630928,0.10210309,100.41232
RSDH08-Rialto-N--608-198,54.341557,8.1498165,27.16086,3,45.0,15.332633,1.6527933,27,8.343668,0.30902475,78.17247
RSDH08-Rialto-N--623-522,19.252897,4.799509,5.9214725,4,15.0,4.4311805,0.0,2,1.5281733,0.7640866,72.804184
RSDH08-Rialto-N--690-190,67.390884,18.481228,18.839632,5,62.0,12.930355,1.9283999,10,2.7391026,0.27391028,89.38841
RSDH08-Savannah-N+-14-300,48.798573,5.7968097,17.78,4,46.0,12.06776,9.137388,3,0.5275332,0.1758444,80.518326
RSDH08-Savannah-N+-145-91,47.717064,9.302945,15.520491,5,44.0,9.340621,6.131282,3,1.0139635,0.3379878,87.07886
RSDH08-Savannah-N+-243-463,54.645485,5.781227,18.7773,4,50.0,12.914951,3.3952131,18,2.9856849,0.16587138,86.004166
RSDH08-Savannah-N+-336-70,55.70105,7.1369324,19.416197,4,52.0,13.567676,1.3375803,4,1.4303489,0.35758716,73.3763
RSDH08-Savannah-N+-34-53,59.02526,9.396441,23.171658,3,56.0,19.163736,1.4154855,5,1.5340459,0.30680916,71.27543
RSDH08-Savannah-N+-35-354,53.927998,6.6382823,17.28135,5,47.0,9.953364,6.496679,21,4.1611757,0.19815126,81.24708
RSDH08-Savannah-N+-379-4368,52.594612,6.918773,18.901964,4,50.0,13.148653,0.0,0,0.0,0.0,0.0
RSDH08-Savannah-N+-430-24,35.933235,2.5711656,15.255583,4,34.0,8.983309,0.0,0,0.0,0.0,0.0
RSDH08-Savannah-N+-456-367,61.931705,7.978405,20.070675,5,58.0,12.320391,0.6590906,3,0.32975242,0.10991748,93.1851
RSDH08-Savannah-N+-468-474,62.119057,12.185767,20.055092,6,56.0,9.823609,5.82823,6,3.1774013,0.5295668,65.486305
RSDH08-Savannah-N+-521-314,58.177998,13.354479,17.483927,5,52.0,10.973849,3.1141026,17,3.3087494,0.19463232,88.589554
RSDH08-Savannah-N+-562-8,50.532234,4.5034356,20.226503,4,49.0,12.480773,0.0,2,0.6091447,0.3045723,92.96418
RSDH08-Savannah-N+-596-382,53.09246,8.305644,18.559141,6,50.0,8.803408,1.4433492,3,0.27201736,0.090672456,92.21021
RSDH08-Savannah-N+-599-390,55.07599,10.954724,18.029325,5,52.0,10.905113,0.0,2,0.5504271,0.2752135,84.36623
RSDH08-Savannah-N+-611-77,86.32657,6.685031,23.29632,6,77.0,13.241652,3.0996823,16,6.876662,0.42979133,70.24789
RSDH08-Savannah-N+-670-429,62.2661,12.777914,18.450062,5,57.0,12.010747,29.633625,6,2.2123754,0.36872923,85.108986
RSDH08-Savannah-N+-707-427,44.916615,5.531902,17.49951,4,43.0,11.092296,8.662099,2,0.5474307,0.27371535,83.43262
RSDH08-Savannah-N+-71-347,52.135895,13.759632,19.026627,3,50.0,16.885036,2.71379,3,1.4807942,0.49359807,67.087654
RSDH08-Savannah-N+-77-40,64.03207,9.287362,18.16957,6,59.0,10.4615755,1.5983357,11,1.2626089,0.114782624,90.043495
RSDH08-Savannah-N--109-568,41.17181,8.570552,9.973006,5,39.0,8.234363,0.0,0,0.0,0.0,0.0
RSDH08-Savannah-N--112-219,53.87186,6.9655213,15.987976,4,49.0,12.7877,7.6670723,14,2.721056,0.19436112,83.65208
RSDH08-Savannah-N--182-264,67.158690000000007,10.113252,13.759632,5,64.0,13.32502,0.8853503,3,0.53359807,0.177866,83.958305
RSDH08-Savannah-N--259-534,28.750181,6.0928836,11.453374,3,26.0,9.262063,0.78681076,6,0.9639938,0.16066565,84.86059
RSDH08-Savannah-N--268-551,64.8785,10.845644,16.548958,6,61.0,10.738601,4.2916145,4,0.4468949,0.111723736,89.12536
RSDH08-Savannah-N--359-99,51.03134,8.414724,17.857914,5,48.0,9.963569,6.715523,5,1.2135026,0.24270053,91.00098
RSDH08-Savannah-N--360-207,70.69388,11.858528,22.797668,5,59.0,12.162409,2.650795,34,9.881827,0.29064193,82.04196
RSDH08-Savannah-N--411-187,102.32771,20.958897,27.254356,5,86.0,17.790934,2.7904856,31,13.373037,0.43138835,82.62095
RSDH08-Savannah-N--435-167,45.706852,2.976319,18.138405,5,43.0,9.14137,0.0,0,0.0,0.0,0.0
RSDH08-Savannah-N--437-527,58.27526,6.29546,19.774601,4,51.0,13.34305,2.2798018,12,4.903058,0.4085882,85.22927
RSDH08-Savannah-N--492-278,58.47273,6.7629447,18.091656,5,51.0,10.493626,3.950784,17,6.004595,0.35321152,83.66714
RSDH08-Savannah-N--532-147,46.9483,6.0773005,13.042822,4,41.0,10.370595,1.1362581,10,5.4659257,0.54659253,71.495766
RSDH08-Savannah-N--538-491,50.009098,7.806994,17.296932,3,43.0,15.065759,4.4865465,20,4.811824,0.2405912,85.53282
RSDH08-Savannah-N--570-274,71.76651,9.287362,22.314602,4,62.0,15.922265,7.5272875,24,8.07746,0.33656085,90.04288
RSDH08-Savannah-N--641-561,36.95731,10.892393,13.588221,3,35.0,12.319103,0.0,0,0.0,0.0,0.0
RSDH08-Savannah-N--654-225,49.074554,6.4201226,18.434479,4,43.0,11.135737,3.4397316,14,4.531602,0.32368585,70.3857
RSDH08-Savannah-N--663-108,40.112576,6.575951,11.952024,4,38.0,10.028144,0.0,0,0.0,0.0,0.0
RSDH08-Savannah-N--692-180,66.26339,15.208835,19.135706,5,55.0,11.440673,3.5511897,21,9.060027,0.43142983,83.92458
RSDH08-Savannah-N--696-244,80.42355,16.034723,18.808466,5,71.0,14.713593,2.610916,24,6.855586,0.2856494,84.11149
RSDH08-Savannah-N--713-502,47.342636,6.8096933,18.21632,3,43.0,14.86391,12.120236,17,2.7509158,0.16181856,83.87268
RSDH08-Savannah-N--81-159,54.604897,10.845644,18.652637,4,50.0,13.215422,4.128942,6,1.7432096,0.29053494,89.54261
RSDH09-22-116-420,92.96536,20.787485,26.771288,5,86.0,17.64448,7.2625475,11,4.74297,0.4311791,70.540886
RSDH09-22-189-440,52.777946,12.014356,15.380245,5,50.0,10.55559,0.0,0,0.0,0.0,0.0
RSDH09-22-221-434,78.32262,15.037423,20.42908,5,74.0,15.325409,0.0,3,1.6955729,0.5651909,65.61212
RSDH09-22-263-444,71.53009,18.824049,18.122822,4,70.0,17.854164,0.0,1,0.113444656,0.113444656,92.489555
RSDH09-22-336-522,52.452496,7.9004908,11.375461,5,47.0,9.896749,8.58194,9,2.9687486,0.329861,70.02648
RSDH09-22-39-408,72.17981,8.586135,18.886381,5,66.0,13.709216,4.211433,11,3.6337287,0.33033895,82.59807
RSDH09-22-395-573,48.232635,8.33681,16.206135,4,45.0,11.693018,1.8889141,3,1.4605671,0.48685572,62.9941
RSDH09-22-4-507,92.31281,15.754233,14.679019,5,83.0,17.048588,2.5460317,18,7.0698705,0.39277065,79.403725
RSDH09-22-41-405,72.301865,16.626871,19.416197,5,67.0,13.933248,3.4862936,8,2.6356301,0.32945377,69.45819
RSDH09-22-410-463,78.65295,13.946626,22.548344,5,72.0,14.955563,4.5800605,11,3.8751483,0.3522862,85.34521
RSDH09-22-428-552,71.57324,8.071902,19.10454,5,62.0,12.74887,3.7707396,18,7.828895,0.43493858,68.0771
RSDH09-22-457-518,67.2447,10.3781595,17.219019,5,62.0,12.950944,3.4008424,10,2.4899628,0.24899624,67.38083
RSDH09-22-472-402,63.545746,9.567853,11.281963,5,59.0,12.445338,7.5419507,3,1.319052,0.43968397,76.20036
RSDH09-22-492-568,46.63311,8.664049,10.939141,5,44.0,9.326622,0.0,0,0.0,0.0,0.0
RSDH09-22-510-536,85.686806,17.39043,18.231901,5,76.0,15.816569,3.7181156,18,6.603955,0.36688635000000003,74.09848
RSDH09-22-524-493,77.854576,16.128222,19.369448,5,70.0,14.718085,2.7314253,8,4.2641435,0.5330179,69.18012
RSDH09-22-561-390,42.23781,8.399141,9.801595,5,38.0,8.10165,1.0576568,3,1.7295569,0.57651895,69.27033
RSDH09-22-575-541,74.97521,17.966993,20.631657,5,67.0,13.949149,5.483302,21,5.2294636,0.2490221,73.71151
RSDH09-22-69-497,82.89749,18.683804,19.54086,5,77.0,16.042305,2.1622977,9,2.685969,0.298441,75.98437
RSDH09-22-91-458,73.541,7.448589,11.983191,6,72.0,12.256833,0.0,0,0.0,0.0,0.0
RSDH09-3-123-474,38.459084,8.539387,9.817178,5,37.0,7.691817,0.0,0,0.0,0.0,0.0
RSDH09-3-133-491,52.789085,10.019754,10.611902,5,50.0,10.426884,9.584702,2,0.6546688,0.3273344,106.5573
RSDH09-3-140-563,31.060297,4.300859,5.5786505,5,30.0,6.212059,0.0,0,0.0,0.0,0.0
RSDH09-3-154-439,37.362156,8.414724,13.962209,4,36.0,9.253901,4.857984,2,0.34655625,0.17327812,93.88722
RSDH09-3-182-399,49.541603,8.1498165,10.720982,5,47.0,9.908321,0.0,0,0.0,0.0,0.0
RSDH09-3-194-450,34.818085,6.4668713,9.178283,5,32.0,6.837904,7.1915116,4,0.6285672,0.1571418,61.70107
RSDH09-3-198-426,24.366444,6.6538653,8.321227,4,22.0,5.989769,11.034364,2,0.40736824,0.20368412,62.53241
RSDH09-3-337-494,35.76573,9.006871,7.448589,5,33.0,7.153146,0.0,0,0.0,0.0,0.0
RSDH09-3-478-549,37.524055,7.9472394,9.926258,5,36.0,7.5048113,0.0,0,0.0,0.0,0.0
RSDH09-3-498-432,39.018063,9.754847,9.910675,5,36.0,7.8036127,0.0,0,0.0,0.0,0.0
RSDH09-3-534-391,36.96002,5.2981596,6.6382823,5,35.0,7.392004,0.0,0,0.0,0.0,0.0
RSDH09-3-547-524,27.664848,4.7839265,9.131534,5,25.0,5.53297,0.0,0,0.0,0.0,0.0
RSDH09-3-570-505,34.517754,7.9004908,8.55497,5,32.0,6.843038,0.0,1,0.3025637,0.3025637,91.976776
RSDH09-3-626-453,43.40385,5.6877303,9.33411,5,42.0,8.680771,0.0,0,0.0,0.0,0.0
RSDH09-3-64-411,44.540398,7.199264,10.627484,5,41.0,8.857826,0.0,1,0.25126547,0.25126547,52.506042
RSDH09-3-673-534,34.966316,5.6253986,12.029939,4,33.0,8.741579,0.0,0,0.0,0.0,0.0
RSDH09-3-692-575,21.450907,3.085399,7.0434356,5,19.0,4.2901816,0.0,0,0.0,0.0,0.0
RSDH09-82-178-429,51.50193,5.0644174,16.081472,6,48.0,8.583655,0.0,0,0.0,0.0,0.0
RSDH09-82-269-393,75.79643,13.588221,18.060492,5,69.0,14.568754,3.0579586,7,2.9526672,0.42180958,75.38462
RSDH09-82-281-529,68.15466,9.1627,9.536687,6,63.0,11.165241,5.2767067,4,1.163208,0.29080203,81.67622
RSDH09-82-312-569,53.965496,9.053619,16.112638,5,52.0,10.793099,0.0,0,0.0,0.0,0.0
RSDH09-82-34-476,69.7772,14.959509,22.657423,5,60.0,12.466366,3.0762157,17,7.445362,0.43796247,72.78839
RSDH09-82-358-510,72.50769,15.037423,21.597792,5,65.0,13.74547,2.0346017,10,3.7803392,0.37803397,69.598816
RSDH09-82-382-407,45.214176,6.217546,9.256196,6,43.0,7.535696,0.0,0,0.0,0.0,0.0
RSDH09-82-389-515,50.621834,7.4953375,13.821963,5,49.0,10.124366,0.0,0,0.0,0.0,0.0
RSDH09-82-465-461,42.027435,5.173497,9.287362,7,39.0,6.003919,0.0,0,0.0,0.0,0.0
RSDH09-82-477-500,50.420994,13.837546,13.323313,6,47.0,8.4035,0.0,0,0.0,0.0,0.0
RSDH09-82-479-546,16.539904,2.462086,4.285276,5,15.0,3.3079805,0.0,0,0.0,0.0,0.0
RSDH09-82-563-470,43.16068,8.134233,10.970306,6,40.0,7.1934466,0.0,0,0.0,0.0,0.0
RSDH09-82-611-554,43.25127,7.090184,12.294847,6,40.0,7.208545,0.0,0,0.0,0.0,0.0
RSDH09-82-666-487,64.87754,20.101841,21.161472,4,60.0,15.553722,3.8827782,7,2.6626537,0.3803791,61.834137
RSDH09-82-668-419,67.12857,17.125523,18.21632,5,63.0,13.1870365,4.706242,3,1.1933875,0.39779583,76.365746
RSDH09-82-672-443,61.664154,15.426994,13.681718,5,60.0,12.33283,0.0,0,0.0,0.0,0.0
RSDH09-82-705-501,67.1012,17.265766,13.151902,5,63.0,12.992059,5.4009337,3,2.140903,0.7136343,59.100742
RSDH09-82-77-388,60.007114,15.037423,11.281963,5,57.0,12.001423,0.0,0,0.0,0.0,0.0
RSDH09-82-94-560,70.86696,10.580736,14.41411,4,62.0,15.907557,4.530155,26,7.2367287,0.27833578,71.49561
RSDH09-DH22xRialtoF1-105-424,60.35891,15.972393,16.907362,3,57.0,19.604498,1.4039397,5,1.5454206,0.30908412,96.40748
RSDH09-DH22xRialtoF1-145-478,57.52828,8.851043,20.226503,3,53.0,18.220453,24.202848,9,2.8669221,0.3185469,74.18945
RSDH09-DH22xRialtoF1-170-395,15.373161,1.1687117,5.1267486,3,14.0,5.1243873,0.0,0,0.0,0.0,0.0
RSDH09-DH22xRialtoF1-211-451,59.69685,14.445276,18.559141,3,57.0,19.150887,4.5815926,9,2.2441835,0.24935372,79.18918
RSDH09-DH22xRialtoF1-237-542,58.889038,9.022454,17.733252,5,54.0,11.484402,2.5029354,6,1.4670259,0.24450432,68.57073
RSDH09-DH22xRialtoF1-29-571,40.75973,9.084785,17.99816,3,39.0,13.586577,0.0,0,0.0,0.0,0.0
RSDH09-DH22xRialtoF1-3-472,61.899406,3.3814723,17.468344,3,57.0,19.391455,2.1805506,11,3.7250366,0.33863965,75.94089
RSDH09-DH22xRialtoF1-349-516,54.99351,11.718283,14.227117,4,52.0,13.381497,3.5835598,5,1.46752,0.293504,66.2107
RSDH09-DH22xRialtoF1-367-435,65.31932,10.985889,20.117424,3,61.0,20.710573,21.665737,8,3.1875956,0.39844942,74.032524
RSDH09-DH22xRialtoF1-399-523,46.641426,11.437792,19.135706,3,44.0,15.301109,1.3727633,3,0.7381037,0.24603458,76.35473
RSDH09-DH22xRialtoF1-432-525,40.978104,4.207362,15.56724,3,39.0,13.6593685,0.0,0,0.0,0.0,0.0
RSDH09-DH22xRialtoF1-48-559,42.181244,2.7737424,11.250797,3,37.0,13.034729,3.9951603,9,3.0770545,0.34189495,71.75139
RSDH09-DH22xRialtoF1-481-482,60.56965,9.115951,19.93043,3,55.0,18.703661,3.7875302,16,4.4586654,0.2786666,76.60593
RSDH09-DH22xRialtoF1-526-398,56.417072,8.477056,17.49951,3,53.0,18.123827,1.9856489,7,2.0455935,0.29222766,77.37592
RSDH09-DH22xRialtoF1-558-558,36.087658,3.5373006,14.554356,3,35.0,12.02922,0.0,0,0.0,0.0,0.0
RSDH09-DH22xRialtoF1-564-394,51.747234,10.580736,20.787485,3,48.0,16.50987,2.0900815,6,2.2176244,0.36960408,72.7091
RSDH09-DH22xRialtoF1-567-442,68.52787,19.369448,23.202822,3,63.0,21.51729,2.7626255,14,3.9760034,0.28400028,75.157104
RSDH09-DH22xRialtoF1-601-414,46.17192,13.541472,18.621473,3,44.0,15.068197,4.4927034,4,0.96732926,0.24183232,76.326065
RSDH09-DH22xRialtoF1-605-508,53.142593,10.456074,19.836933,3,49.0,16.646765,2.5070968,9,3.2023,0.35581112,77.60661
RSDH09-DH22xRialtoF1-665-502,57.661034,12.2792635,20.631657,4,54.0,14.197655,1.5268184,5,0.87041724,0.17408343,75.25847
RSDH09-Rialto-107-441,33.50573,8.648466,6.7941103,5,31.0,6.701146,0.0,0,0.0,0.0,0.0
RSDH09-Rialto-290-548,15.960759,2.3062577,5.8123927,5,13.0,3.1921518,0.0,0,0.0,0.0,0.0
RSDH09-Rialto-372-412,33.302258,5.8591413,7.9472394,5,31.0,6.6604514,0.0,0,0.0,0.0,0.0
RSDH09-Rialto-445-499,40.46603,10.939141,11.375461,5,38.0,8.093205,0.0,0,0.0,0.0,0.0
RSDH09-Rialto-452-404,31.57409,7.4018407,6.6226993,5,29.0,6.314818,0.0,0,0.0,0.0,0.0
RSDH09-Rialto-517-457,49.53488,6.747362,12.014356,5,47.0,9.906976,0.0,0,0.0,0.0,0.0
RSDH09-Rialto-537-484,44.709938,10.87681,11.001472,5,41.0,8.941988,0.0,0,0.0,0.0,0.0
RSDH09-Rialto-552-392,27.16305,4.0515337,5.765644,5,25.0,5.338968,9.087388,2,0.46821207,0.23410603,59.613297
RSDH09-Rialto-56-421,38.453487,7.542086,7.713497,5,36.0,7.690697,0.0,0,0.0,0.0,0.0
RSDH09-Rialto-562-462,17.883488,1.573865,5.095583,4,16.0,4.470872,0.0,0,0.0,0.0,0.0
RSDH09-Rialto-573-540,39.58403,8.367975,10.066504,5,37.0,7.8599334,0.0,1,0.2843598,0.2843598,61.79398
RSDH09-Rialto-614-475,17.25434,3.5373006,3.8957055,5,15.0,3.450868,0.0,0,0.0,0.0,0.0
RSDH09-Rialto-628-511,32.65502,6.1396317,7.822577,4,30.0,8.163755,0.0,0,0.0,0.0,0.0
RSDH09-Rialto-636-492,33.953625,7.105767,6.575951,5,31.0,6.7907248,0.0,0,0.0,0.0,0.0
RSDH09-Rialto-660-556,28.228298,6.949939,7.3083434,5,25.0,5.6456594,0.0,0,0.0,0.0,0.0
RSDH09-Rialto-682-433,41.736248,9.084785,6.840859,5,40.0,8.34725,0.0,0,0.0,0.0,0.0
RSDH09-Rialto-690-446,28.597794,2.5555828,5.8123927,5,26.0,5.7195587,0.0,0,0.0,0.0,0.0
RSDH09-Rialto-701-567,40.677464,8.025153,7.1680984,6,38.0,6.7795773,0.0,0,0.0,0.0,0.0
RSDH09-Rialto-75-520,26.965616,4.300859,6.3577914,5,24.0,5.393123,0.0,0,0.0,0.0,0.0
RSDH09-Rialto_LG-142-406,33.61048,6.8252764,7.4797544,6,30.0,5.601747,0.0,0,0.0,0.0,0.0
RSDH09-Rialto_LG-332-553,22.520222,4.799509,6.51362,5,20.0,4.5040445,0.0,0,0.0,0.0,0.0
RSDH09-Rialto_LG-387-530,24.99074,4.2696934,6.8252764,5,22.0,4.998148,0.0,0,0.0,0.0,0.0
RSDH09-Rialto_LG-474-479,25.22373,4.628098,4.628098,6,22.0,4.203955,0.0,0,0.0,0.0,0.0
RSDH09-RialtoxSavannah_F1-156-498,62.670963,16.502209,17.359264,4,58.0,15.080759,3.356694,8,2.3479254,0.29349068,75.94989
RSDH09-RialtoxSavannah_F1-195-519,70.02212,7.9472394,19.790184,5,63.0,13.126266,2.042346,13,4.390809,0.33775452,70.28403
RSDH09-RialtoxSavannah_F1-246-531,17.963278,4.3164415,3.054233,3,16.0,5.987759,0.0,0,0.0,0.0,0.0
RSDH09-RialtoxSavannah_F1-350-436,68.32451,12.933743,23.717056,4,62.0,15.891172,3.0796103,10,4.7598133,0.47598132,74.49372
RSDH09-RialtoxSavannah_F1-359-543,59.609386,11.313129,21.706871,4,56.0,14.337599,1.6156296,8,2.258985,0.28237316,71.59829
RSDH09-RialtoxSavannah_F1-362-459,60.937046,13.899878,13.307731,4,57.0,14.569389,8.704483,9,2.659493,0.2954992,68.43689
RSDH09-RialtoxSavannah_F1-402-447,57.762188,12.263681,18.808466,4,53.0,13.716369,2.5633407,11,2.89672,0.26333818,77.76553
RSDH09-RialtoxSavannah_F1-417-428,72.45167,15.816565,21.161472,4,64.0,16.379068,3.9258,14,6.935397,0.49538553,69.10051
RSDH09-RialtoxSavannah_F1-509-489,54.87961,13.525889,19.151289,4,50.0,12.97833,4.7569532,7,2.966291,0.42375585,71.08763
RSDH09-RialtoxSavannah_F1-531-410,74.27209,17.078773,21.784786,4,67.0,17.254313,8.0937805,11,5.254839,0.4777126,70.251335
RSDH09-RialtoxSavannah_F1-539-504,75.00626,18.465645,16.315214,4,66.0,17.0623,2.0223727,21,6.7570662,0.32176507,69.73359
RSDH09-RialtoxSavannah_F1-545-485,72.50492,13.401227,17.328098,5,65.0,13.282568,4.250703,16,6.0920787,0.38075486,71.30109
RSDH09-RialtoxSavannah_F1-571-566,52.428043,10.097669,19.353865,5,45.0,9.370654,4.105188,14,5.5747743,0.39819816,69.519356
RSDH09-RialtoxSavannah_F1-633-555,65.66844,8.882209,21.613375,4,59.0,15.217994,4.949955,12,4.796472,0.39970598,73.655174
RSDH09-RialtoxSavannah_F1-644-551,42.494205,8.243313,12.2792635,3,40.0,13.920763000000001,8.7149725,3,0.7319191,0.24397303,81.675316
RSDH09-RialtoxSavannah_F1-652-401,64.63404,16.361963,21.64454,3,58.0,20.136988,7.4924917,14,4.2230725,0.30164808,79.51648
RSDH09-RialtoxSavannah_F1-691-469,59.875675,9.848344,19.478527,5,54.0,11.146776,4.597318,13,4.141786,0.31859887,70.655014
RSDH09-RialtoxSavannah_F1-70-454,67.54261,5.952638,23.218405,5,62.0,12.796746,4.2271605,9,3.558885,0.39543164,71.90512
RSDH09-RialtoxSavannah_F1-8-386,71.09595,13.63497,19.977179,4,61.0,15.823413,3.8384688,21,7.8023005,0.3715381,75.0542
RSDH09-Savannah-208-574,41.553745,5.4695706,9.583436,6,37.0,6.9256244,0.0,0,0.0,0.0,0.0
RSDH09-Savannah-21-496,38.39599,7.2148466000000004,7.6044173,6,35.0,6.3993316,0.0,0,0.0,0.0,0.0
RSDH09-Savannah-215-550,24.029583,3.0230675,5.344908,5,22.0,4.805917,0.0,0,0.0,0.0,0.0
RSDH09-Savannah-25-409,43.808167,5.6877303,13.307731,5,42.0,8.761634,0.0,0,0.0,0.0,0.0
RSDH09-Savannah-32-437,62.90962,11.983191,16.611288,5,61.0,12.5819235,0.0,0,0.0,0.0,0.0
RSDH09-Savannah-320-477,11.27627,2.8672392,3.958037,3,10.0,3.7587566,0.0,0,0.0,0.0,0.0
RSDH09-Savannah-327-528,35.239784,2.7737424,7.4797544,6,33.0,5.873297,0.0,0,0.0,0.0,0.0
RSDH09-Savannah-404-396,48.421963,3.506135,8.11865,5,46.0,9.684392,0.0,0,0.0,0.0,0.0
RSDH09-Savannah-430-506,37.53689,6.9343557,5.2358284,6,35.0,6.256148,0.0,0,0.0,0.0,0.0
RSDH09-Savannah-431-452,69.54999,7.9472394,14.367362,5,66.0,13.559423,4.5236025,5,1.7528749,0.35057497,87.07048
RSDH09-Savannah-574-561,33.989136,5.08,10.315828,5,32.0,6.7978272,0.0,0,0.0,0.0,0.0
RSDH09-Savannah-643-517,37.6693,5.0644174,7.0590186,5,36.0,7.5338597,0.0,0,0.0,0.0,0.0
RSDH09-Savannah-700-418,74.04274,19.416197,14.897178,4,63.0,16.181822,3.8733566,21,9.315452,0.44359303,73.22552
RSDH09-Savannah-711-486,36.22644,7.4330063,6.388957,6,33.0,6.03774,0.0,0,0.0,0.0,0.0
RSDH09-Savannah-9-535,26.014751,4.7215953,6.5915337,5,23.0,5.20295,0.0,0,0.0,0.0,0.0
RSDH09-Savannah_LG-126-445,58.858116,9.271779,17.047607,5,55.0,11.435805,4.2800217,10,1.6790855,0.16790853,82.67746
RSDH09-Savannah_LG-196-572,42.005962,7.806994,15.4737425,4,41.0,10.501491,0.0,0,0.0,0.0,0.0
RSDH09-Savannah_LG-228-431,61.1767,10.580736,17.125523,6,56.0,9.728658,4.229151,9,2.8047504,0.31163898,71.53348
RSDH09-Savannah_LG-239-465,44.24765,9.365276,7.5888343,5,42.0,8.84953,0.0,0,0.0,0.0,0.0
RSDH09-Savannah_LG-365-422,40.072426,7.1369324,8.757546,5,38.0,8.014485,0.0,0,0.0,0.0,0.0
RSDH09-Savannah_LG-377-456,66.80575,9.988589,15.972393,5,64.0,13.279948,0.0,2,0.40601027,0.20300514,80.844666
RSDH09-Savannah_LG-388-471,36.485523,8.975706,10.954724,5,34.0,7.2971044,0.0,0,0.0,0.0,0.0
RSDH09-Savannah_LG-393-400,54.937687,10.907975,11.531288,6,52.0,9.156281,0.0,0,0.0,0.0,0.0
RSDH09-Savannah_LG-485-533,50.086258,3.771043,15.271166,5,47.0,9.67132,4.2291865,6,1.7296542,0.28827566,64.78183
RSDH09-Savannah_LG-49-538,45.667126,14.569939,11.219632,5,43.0,9.133426,0.0,0,0.0,0.0,0.0
RSDH09-Savannah_LG-495-389,60.553753,10.533988,16.206135,6,58.0,9.932303,4.6554785,2,0.95992947,0.47996473,100.06884
RSDH09-Savannah_LG-542-488,55.684715,11.733865,12.09227,5,54.0,11.136944,0.0,0,0.0,0.0,0.0
RSDH09-Savannah_LG-556-509,55.902645,10.0509205,17.702085,5,54.0,11.016915,4.3187575,3,0.81807005,0.27269003000000003,84.21848
RSDH09-Savannah_LG-582-564,52.14142,11.0170555,16.533375,5,50.0,10.428284,0.0,0,0.0,0.0,0.0
RSDH09-Savannah_LG-663-547,34.53566,4.924172,12.80908,5,32.0,6.9071317,0.0,0,0.0,0.0,0.0
RSDH09-Savannah_LG-696-415,44.35321,6.9966874,16.658037,4,41.0,10.775609,4.040424,7,1.2507634,0.17868051,82.61428
RSDH09-Savannah_LG-714-514,50.52517,6.9811044,14.02454,5,46.0,9.835932,4.0047493,8,1.3455058,0.16818823,80.85025
RSDH09-Savannah_LG-95-495,52.06922,4.830675,16.39313,6,49.0,8.678204,0.0,0,0.0,0.0,0.0
RSDH10-1-N--202-227,23.086786,5.6721473,7.027853,5,21.0,4.5519123,3.2804754,3,0.32722715,0.10907571,87.28101
RSDH10-1-N--31-327,31.949892,5.500736,8.025153,5,30.0,6.389978,0.0,0,0.0,0.0,0.0
RSDH10-1-N--446-100,45.96084,6.5447855,12.107853,5,42.0,8.823358,1.7683,7,1.8440474,0.26343533,80.50362
RSDH10-10-N--1003-500,93.138435,23.79497,24.745522,5,79.0,16.403751,4.0290575,42,11.119667,0.26475406,87.10909
RSDH10-10-N--1558-189,63.043583,20.226503,18.434479,5,55.0,11.758961,2.5632432,15,4.24877,0.2832514,79.858696
RSDH10-10-N--230-268,65.59272,19.649939,20.288836,3,56.0,19.034267,3.650504,31,8.489918,0.2738683,81.44459
RSDH10-10-N--718-350,51.069256,8.087484,11.422209,5,48.0,10.113658,0.0,4,0.5009696,0.1252424,82.52752
RSDH10-100-N--167-176,57.125134,12.6065035,13.541472,5,55.0,11.425027,0.0,0,0.0,0.0,0.0
RSDH10-100-N--655-22,55.27047,11.998774,15.847731,4,48.0,12.575592,2.1137507,15,4.968107,0.33120716,68.98892
RSDH10-11-N--1290-89,43.700325,7.0590186,11.048221,5,41.0,8.585715,2.5556087,5,0.7717469,0.15434939,88.58338
RSDH10-11-N--1412-259,21.378931,3.428221,9.910675,4,18.0,5.136102,1.8091286,4,0.8345228,0.2086307,68.16979
RSDH10-11-N--1413-537,24.766678,6.9811044,5.2202454,5,22.0,4.884441,1.7950362,2,0.34447464,0.17223732,84.76735
RSDH10-11-N--557-302,33.25287,7.2304296,8.477056,5,31.0,6.631874,0.0,1,0.09349693,0.09349693,86.29394
RSDH10-12-N--1358-574,26.991093,4.300859,11.250797,4,23.0,6.3315144,3.45106,11,1.6650339,0.15136673,81.74623
RSDH10-12-N--1440-505,46.584892,11.983191,15.286749,4,44.0,11.334944,1.6643747,7,1.2451222,0.1778746,84.97261
RSDH10-12-N--313-206,25.455053,6.0773005,7.090184,5,23.0,5.091011,0.0,0,0.0,0.0,0.0
RSDH10-12-N--520-356,39.991947,6.856442,11.531288,5,37.0,7.9983897,0.0,0,0.0,0.0,0.0
RSDH10-12-N--92-168,33.707367,9.287362,6.155215,5,31.0,6.536725,0.0,4,1.0237435,0.25593588,70.71203
RSDH10-14-N--1199-517,46.677444,9.77043,15.053006,5,40.0,8.320141,3.6878521,20,5.076745,0.25383723,79.23458
RSDH10-14-N--1343-105,43.55537,9.318528,10.76773,5,41.0,8.561334,2.154467,5,0.7487035,0.1497407,75.63833
RSDH10-14-N--1466-202,51.623585,7.4174232,15.13092,4,46.0,12.033573,4.6953697,18,3.4892938,0.19384967,78.981285
RSDH10-14-N--316-372,52.40987,13.136319,14.41411,5,49.0,10.263997,2.3752947,5,1.089883,0.21797661,80.855835
RSDH10-16-N--1019-528,60.304546,17.374847,20.631657,3,55.0,18.933054,0.62888086,12,3.5053809,0.29211512,85.230415
RSDH10-16-N--1098-173,58.85458,17.078773,19.229202,4,51.0,13.503614,5.850192,17,4.840131,0.28471363,74.19745
RSDH10-16-N--284-238,30.357899,8.11865,10.424908,4,28.0,7.5894747,0.0,0,0.0,0.0,0.0
RSDH10-16-N--325-329,45.56633,11.157301,13.977792,4,43.0,11.200979,2.7255025,3,0.7624122,0.2541374,77.93186
RSDH10-18-N--180-153,30.477783,6.840859,11.344295,3,28.0,9.898283,3.9066315,5,0.78293395,0.1565868,88.09878
RSDH10-18-N--538-342,30.402437,10.627484,10.191166,3,28.0,9.9828205,5.8435173,3,0.45397562,0.1513252,87.871765
RSDH10-19-N--1012-179,44.87865,9.879509,7.9316564,5,41.0,8.811315,3.3361719,4,0.8220775,0.20551938,115.899864
RSDH10-19-N--1591-263,24.52764,7.3083434,5.438405,4,22.0,6.0968485,0.0,1,0.14024541,0.14024541,58.514366
RSDH10-2-N--193-292,58.614964,12.575337,15.941227,5,54.0,11.427222,2.927566,8,1.4788573,0.18485717,83.41302
RSDH10-2-N--293-233,24.035078,1.1375461,9.178283,5,21.0,4.807016,0.0,0,0.0,0.0,0.0
RSDH10-2-N--369-123,60.10209,13.167485,17.28135,4,54.0,14.132868,4.898434,24,3.5706189,0.14877577,86.02465
RSDH10-20-N--1050-239,24.710487,5.173497,5.9058895,5,22.0,4.942097,0.0,0,0.0,0.0,0.0
RSDH10-20-N--1172-170,28.513964,6.498037,7.6823316,4,27.0,7.056452,2.656677,3,0.2881558,0.09605194,84.2901
RSDH10-20-N--716-337,36.57828,14.492024,10.705399,4,35.0,9.062731,4.266432,3,0.32736135,0.10912044,85.338066
RSDH10-21-N--168-243,66.0598,9.053619,15.193252,4,50.0,12.71135,3.353203,31,15.21438,0.4907865,68.90284
RSDH10-21-N--197-305,91.21778,21.706871,19.229202,6,67.0,11.590854,3.4838734,49,21.672657,0.44229913,79.76277
RSDH10-23-N--1306-82,37.821426,8.056319,11.796196,5,35.0,7.401623,3.9813204,3,0.8133085,0.27110282,74.70972
RSDH10-23-N--357-310,50.364117,14.258283,13.557055,4,48.0,12.4695215,4.712503,3,0.4860263,0.16200875,98.676636
RSDH10-24-N--1297-7,32.697865,9.926258,11.578037,5,29.0,6.2538285,8.70819,6,1.428719,0.23811984,81.932014
RSDH10-24-N--1414-209,39.12685,6.4201226,15.613988,5,34.0,7.3822126,12.302492,8,2.21578,0.2769725,70.36813
RSDH10-26-N--1311-48,49.18174,14.180368,13.666135,5,44.0,9.1815,2.2405684,8,3.274229,0.4092786,73.74248
RSDH10-26-N--318-277,63.433914,7.791411,15.037423,5,57.0,12.123194,2.7953572,10,2.8179388,0.28179386,81.933655
RSDH10-26-N--373-376,25.702326,8.103067,6.9343557,4,24.0,6.293508,2.3972692,3,0.5282947,0.17609823,93.9625
RSDH10-27-N--1571-14,50.34983,12.435092,16.034723,4,46.0,11.938676,4.7659698,9,2.5951257,0.28834727,80.17051
RSDH10-27-N--177-315,47.735764,9.038037,14.336197,5,44.0,9.4027405,5.509289,6,0.7220631,0.120343864,100.64752
RSDH10-27-N--489-231,41.35419,7.869325,11.126135,5,39.0,8.270838,0.0,0,0.0,0.0,0.0
RSDH10-28-N--1336-490,83.302986,16.626871,21.582209,5,75.0,15.516145,2.1131094,27,5.7222786,0.21193624,89.16363
RSDH10-28-N--1540-219,37.274883,12.575337,13.02724,3,35.0,12.099107,6.0357,6,0.9775601,0.16292669,80.89658
RSDH10-28-N--1583-43,41.46558,7.635583,9.786013,4,36.0,9.537686,2.4965696,10,3.3148422,0.3314842,71.35005
RSDH10-28-N--225-368,60.199604,12.357178,15.972393,5,54.0,11.459378,3.2205124,11,2.9027135,0.26388305,72.70566
RSDH10-29-N--118-332,76.82354,14.63227,20.693989,6,65.0,11.364373,1.9564165,18,8.637305,0.47985026,76.3178
RSDH10-29-N--1180-561,103.57666,11.079387,24.46503,5,78.0,16.093246,2.7911747,47,23.110407,0.49171075,70.25745
RSDH10-29-N--1318-72,55.707848,8.305644,12.2792635,5,50.0,10.509065,2.8020334,9,3.1625268,0.35139185,60.463665
RSDH10-29-N--1375-269,74.05812,13.821963,20.756319,5,66.0,13.665997,5.031606,17,5.7281394,0.33694938,77.35138
RSDH10-3-N--424-42,29.717602,3.942454,8.040736,4,27.0,7.4294004,0.0,0,0.0,0.0,0.0
RSDH10-30-N--1047-37,88.79134,14.13362,23.498896,5,69.0,14.434665,2.9955823,37,16.618002,0.4491352,82.44516
RSDH10-30-N--114-196,38.62125,9.084785,9.895092,5,37.0,7.684828,0.0,1,0.19710885,0.19710885,81.22969
RSDH10-30-N--472-300,53.771015,7.292761,12.668835,5,48.0,10.169747,5.693386,10,2.9222817,0.29222816,94.478386
RSDH10-31-N--1115-52,73.28618,11.001472,20.771902,5,65.0,13.41313,1.7452865,20,6.2205343,0.31102663,67.46524
RSDH10-31-N--1173-496,51.343494,12.59092,15.73865,5,48.0,10.155383,1.3929691,6,0.56657636,0.094429396,74.41973
RSDH10-31-N--1293-273,48.342472,7.6667485,17.312515,4,47.0,12.085618,0.0,0,0.0,0.0,0.0
RSDH10-31-N--390-348,42.507347,3.942454,19.54086,3,36.0,12.467202,3.0741081,21,5.1057386,0.24313042,83.57125
RSDH10-32-N--1033-54,35.26181,6.9811044,8.492639,5,31.0,6.812918,3.829472,6,1.197223,0.19953716,80.24604
RSDH10-32-N--1416-261,43.52565,8.367975,7.62,6,39.0,7.114072,3.001102,3,0.84121716,0.28040573,68.217155
RSDH10-32-N--210-331,62.643776,13.136319,13.2453985,5,60.0,12.32991,3.1491435,5,0.9942297,0.19884592,91.556015
RSDH10-33-N--1550-13,27.542173,6.9966874,6.731779,5,24.0,5.37892,7.1016994,4,0.64757687,0.1618942,81.02689
RSDH10-33-N--594-316,57.78575,11.079387,17.000858,5,53.0,11.230633,2.793644,11,1.6325845,0.14841676,87.13887
RSDH10-34-N--1231-44,46.97586,13.229816,16.471043,4,43.0,11.305401,3.0539885,10,1.7542572,0.17542572,76.00334
RSDH10-34-N--146-215,26.48157,5.2202454,9.567853,3,25.0,8.72902,14.33653,2,0.29450747,0.14725372,67.49999
RSDH10-34-N--1559-497,90.338295,11.281963,21.177055,5,84.0,17.2507,3.4116278,19,4.0847836,0.21498859,82.74825
RSDH10-34-N--272-301,36.23181,9.863927,10.830062,5,34.0,7.182025,0.0,2,0.32169053,0.16084528,87.09114
RSDH10-35-N--443-199,32.387867,7.1680984,8.55497,5,30.0,6.477573,0.0,0,0.0,0.0,0.0
RSDH10-35-N--656-184,59.529354,9.147117,16.704786,5,55.0,11.434678,2.9629,7,2.3559673,0.33656675,78.4256
RSDH10-36-N--1289-76,36.912365,8.383558,12.403927,5,35.0,7.360657,0.0,1,0.109079756,0.109079756,94.66518
RSDH10-36-N--486-165,73.65054,11.359878,19.634356,5,66.0,13.588135,2.8649397,18,5.7098694,0.317215,71.27971
RSDH10-36-N--711-347,68.950615,8.897792,17.84233,5,66.0,13.631235,5.0069323,4,0.7944412,0.19861029,75.8497
RSDH10-37-N--1219-91,24.82918,5.8123927,5.173497,5,22.0,4.965836,0.0,0,0.0,0.0,0.0
RSDH10-37-N--499-102,43.930943,8.991288,10.019754,5,39.0,8.2883415,3.8518271,12,2.489232,0.207436,90.348305
RSDH10-37-N--636-299,40.852043,8.196565,13.494724,4,38.0,10.088929,2.9184437,4,0.4963262,0.12408155,79.52099
RSDH10-38-N--1428-49,53.58052,9.193865,16.860613,5,43.0,9.137793,3.4628808,25,7.891554,0.31566218,75.9975
RSDH10-38-N--289-218,28.93301,4.487853,7.713497,5,25.0,5.442138,2.003891,3,1.722321,0.574107,61.427353
RSDH10-38-N--597-113,39.693848,6.4668713,12.248098,4,38.0,9.923462,0.0,0,0.0,0.0,0.0
RSDH10-39-N--1399-509,45.810642,5.360491,7.4797544,5,43.0,9.058917,1.2654223,3,0.516052,0.17201735,97.509254
RSDH10-39-N--367-142,60.387405,14.102454,19.618773,5,55.0,11.466893,6.0548906,11,3.0529358,0.27753964,80.1292
RSDH10-39-N--422-343,48.493282,10.082086,9.302945,6,43.0,7.5529795,3.0235064,10,3.1754053,0.31754056,91.53487
RSDH10-39-N--496-210,47.22599,13.151902,12.886994,5,45.0,9.387062,0.0,2,0.29067457,0.1453373,96.52816
RSDH10-40-N--1568-24,26.001785,4.4411044,9.708098,5,21.0,4.7376237,4.234373,12,2.3136687,0.1928057,81.282135
RSDH10-40-N--452-359,26.928547,7.2304296,7.0434356,5,23.0,5.1345563,5.7361937,8,1.2557629,0.1569704,81.44557
RSDH10-41-N--1222-19,56.388466,13.697301,17.748835,4,50.0,13.039495,3.0590143,13,4.230485,0.3254219,80.17021
RSDH10-41-N--544-382,55.045296,5.08,17.702085,4,47.0,12.438151,2.5996573,18,5.292695,0.29403862,75.650215
RSDH10-41-N--675-152,86.23753,21.784786,21.81595,5,76.0,15.460906,2.6177206,30,8.933008,0.29776677,77.23047
RSDH10-42-N--115-220,60.376194,13.977792,11.9676075,5,55.0,11.235189,2.7394803,18,4.200251,0.23334728,77.98981
RSDH10-42-N--1515-6,57.464733,9.910675,10.845644,5,53.0,11.327705,9.153362,6,0.8262031,0.13770051,82.44497
RSDH10-42-N--404-365,62.39231,6.7161965,12.731166,5,59.0,12.369828,2.543507,5,0.54316294,0.10863258,83.26856
RSDH10-42-N--76-167,64.76525,14.663436,15.878896,5,61.0,12.769923,3.8084526,7,0.9156301,0.13080429,94.50936
RSDH10-43-N--150-272,75.107735,19.805767,14.055706,5,66.0,13.76704,4.796653,27,6.2725344,0.23231609,85.93363
RSDH10-43-N--1561-59,50.831993,9.225031,7.822577,5,45.0,9.590507,3.0964186,9,2.879457,0.31993967,72.41459
RSDH10-43-N--29-111,54.206203,16.00356,13.432393,6,51.0,8.89949,2.8759434,5,0.8092543,0.16185085,87.3822
RSDH10-44-N--1438-75,88.50993,16.315214,22.14319,4,75.0,19.240795,3.0289078,33,11.54675,0.3499016,76.637344
RSDH10-44-N--213-201,29.02829,4.830675,13.447975,3,27.0,9.458599,1.5994155,3,0.65248895,0.21749634,52.540737
RSDH10-44-N--388-294,72.00483,8.523804,19.587608,5,63.0,12.990854,2.948091,16,7.0505514,0.4406595,79.45814
RSDH10-44-N--619-107,51.26311,9.006871,16.502209,5,49.0,10.252622,0.0,0,0.0,0.0,0.0
RSDH10-45-N--1312-489,29.230095,8.274479,9.287362,4,27.0,7.3075237,0.0,0,0.0,0.0,0.0
RSDH10-45-N--1346-68,43.0839,4.1761966,8.243313,6,41.0,7.18065,0.0,0,0.0,0.0,0.0
RSDH10-45-N--304-253,42.506462,16.891779,10.985889,3,40.0,14.126942,0.0,1,0.12563273,0.12563273,81.295975
RSDH10-45-N--474-333,28.072245,8.040736,11.578037,3,27.0,9.357415,0.0,0,0.0,0.0,0.0
RSDH10-45-N--715-134,50.505043,11.562454,16.128222,4,49.0,12.384234,3.3661995,4,0.9681026,0.24202566,68.19232
RSDH10-46-N--159-177,71.21641,15.364663,17.17227,5,67.0,13.849492,2.4876835,12,1.9689382,0.16407818,86.10589
RSDH10-47-N--692-188,44.92839,8.33681,7.1525154,6,42.0,7.396239,0.0,3,0.5509616,0.18365389,81.44984
RSDH10-48-N--30-23,59.620274,14.211534,20.25767,3,52.0,17.847094,3.848312,17,6.0790095,0.35758877,75.99254
RSDH10-48-N--34-326,70.51875,16.798283,18.901964,4,59.0,15.141416,2.41158,24,9.953097,0.4147124,73.68642
RSDH10-48-N--51-276,69.27398,11.842945,20.569324,5,58.0,12.021052,3.8280575,20,9.16872,0.45843598,73.39055
RSDH10-48-N--8-136,58.64091,15.863313,17.857914,4,55.0,14.1235285,1.9255108,14,2.146795,0.15334253,82.726685
RSDH10-49-N--117-55,37.52694,8.258896,13.260982,4,35.0,9.381735,0.0,0,0.0,0.0,0.0
RSDH10-49-N--391-285,31.561907,2.9451535,7.183681,5,29.0,6.3123813,0.0,0,0.0,0.0,0.0
RSDH10-49-N--518-103,58.476204,15.442576,17.93583,5,53.0,10.974528,4.6919003,12,3.6035717,0.30029762,81.078964
RSDH10-49-N--524-362,64.1078,15.34908,17.06319,4,54.0,13.92143,3.82135,23,8.4220915,0.36617786,74.16537
RSDH10-5-N--1191-527,45.566753,14.63227,12.326013,5,42.0,8.825579,1.3286681,7,1.4388648,0.2055521,70.573326
RSDH10-5-N--426-85,33.753407,9.349693,5.4072394,5,31.0,6.750681,0.0,0,0.0,0.0,0.0
RSDH10-5-N--609-241,24.991537,5.344908,5.890307,4,23.0,6.2195225,0.0,1,0.113444656,0.113444656,106.63267
RSDH10-5-N--641-135,32.129467,6.1396317,5.8279757,5,29.0,6.282766,1.8514405,5,0.71563846,0.14312768,70.46364
RSDH10-50-N--154-158,39.04934,8.882209,10.689816,5,36.0,7.631862,3.1598902,7,0.8900297,0.12714711,88.9988
RSDH10-50-N--249-81,45.756416,6.8876076,12.357178,5,42.0,8.737777,3.3444066,12,2.067534,0.1722945,83.24757
RSDH10-51-N--111-147,57.881115,13.011657,15.910062,5,53.0,11.033687,4.3738055,11,2.7126913,0.24660826,78.22694
RSDH10-51-N--1187-5,54.056046,15.208835,16.39313,5,49.0,10.166344,4.0454197,10,3.224321,0.3224321,69.15823
RSDH10-51-N--223-295,49.7083,8.212148,12.076687,5,46.0,9.812598,0.0,4,0.6453144,0.1613286,75.83034
RSDH10-52-N--353-169,27.579437,3.1165645,5.781227,6,25.0,4.5733438,0.0,1,0.139377,0.139377,83.48546
RSDH10-53-N--128-207,22.230322,5.0644174,4.830675,6,20.0,3.6863256,0.0,1,0.11236933,0.11236933,65.96053
RSDH10-53-N--17-69,49.421677,7.744663,13.946626,5,47.0,9.759301,5.903626,4,0.6251738,0.15629345,79.93176
RSDH10-53-N--431-309,84.88656,23.140491,15.286749,5,70.0,14.57805,2.1787379,22,11.99631,0.5452868,72.53332
RSDH10-53-N--628-115,54.822407,6.7785277,11.219632,5,51.0,10.629241,2.3575695,16,1.6762028,0.10476267,85.5301
RSDH10-54-N--222-187,43.19275,10.798896,15.894479,5,38.0,7.9343386,3.6077545,13,3.521057,0.27085054,83.62931
RSDH10-54-N--361-296,41.679157,9.817178,14.258283,5,32.0,7.099571,1.9758209,18,6.181303,0.3434057,78.07101
RSDH10-54-N--59-87,29.926828,6.5915337,5.703313,5,26.0,5.9433727,0.0,2,0.20996594,0.104982965,93.76705
RSDH10-55-N--297-254,24.495588,11.079387,10.674233,4,23.0,6.092489,0.0,1,0.12563273,0.12563273,61.777096
RSDH10-55-N--364-150,44.109657,6.8096933,12.2792635,4,41.0,11.027414,0.0,0,0.0,0.0,0.0
RSDH10-56-N--1193-77,39.193108,6.7785277,9.55227,4,36.0,9.581833,1.6348872,3,0.865772,0.2885907,64.02509
RSDH10-56-N--365-307,27.818874,6.046135,5.2981596,6,25.0,4.636479,0.0,0,0.0,0.0,0.0
RSDH10-56-N--565-229,42.42281,7.3239264,10.720982,5,38.0,8.069119,4.7423496,11,2.0772204,0.18883823,81.890045
RSDH10-57-N--507-28,40.516254000000004,10.65865,15.598405,5,35.0,7.7072296,3.4371116,9,1.9801071,0.22001189,80.850494
RSDH10-57-N--537-175,52.371967,14.320614,20.60049,3,45.0,15.702397,3.3261087,21,5.264772,0.25070342,77.866554
RSDH10-57-N--613-378,53.89737,10.689816,15.660736,5,43.0,9.344255,3.5299997,26,7.1760826,0.27600315,85.24063
RSDH10-58-N--157-141,67.994835,9.94184,11.531288,5,60.0,12.560576,2.525706,21,5.191954,0.24723592,72.29419
RSDH10-58-N--245-21,89.45899,12.357178,20.460245,5,74.0,15.367217,2.8373382,28,12.622901,0.45081788,70.91535
RSDH10-58-N--589-204,43.74917,4.7839265,7.1525154,6,41.0,7.2044325,0.0,3,0.5225712,0.1741904,97.58984
RSDH10-58-N--79-311,70.05793,20.32,19.260368,3,59.0,20.391415,2.4667313,24,8.883685,0.37015352,74.429085
RSDH10-59-N--634-532,33.481693,8.913374,9.115951,4,32.0,8.320294,0.0,2,0.20051908,0.100259535,71.04222
RSDH10-59-N--639-144,35.82184,7.3395095,8.664049,6,33.0,5.8848033,0.83286655,5,0.5130192,0.10260384,100.16565
RSDH10-59-N--648-10,32.138977,4.643681,6.856442,5,30.0,6.393513,0.0,1,0.17141104,0.17141104,76.7055
RSDH10-59-N--676-264,20.353956,5.594233,4.0047855,5,18.0,4.0707912,0.0,0,0.0,0.0,0.0
RSDH10-6-N--1233-536,20.884253,6.4201226,7.3083434,5,17.0,4.019791,2.1349301,4,0.7852947,0.19632366,87.32294
RSDH10-6-N--335-183,36.22715,4.737178,10.331411,5,34.0,7.164033,2.3585763,3,0.4069866,0.1356622,93.31022
RSDH10-6-N--409-246,32.7102,8.804295,6.108466,5,30.0,6.483448,0.0,2,0.29296273,0.14648138,93.71998
RSDH10-6-N--437-377,29.669832,7.448589,9.614601,4,27.0,7.169628,2.502978,5,0.991321,0.19826421,72.437965
RSDH10-60-N--709-9,41.92207,9.505522,13.821963,5,38.0,8.32561,0.0,2,0.2940161,0.14700805,77.005394
RSDH10-60-N--719-345,48.988483,11.204049,15.286749,4,44.0,11.452245,4.275295,9,3.1795056,0.35327837,78.5814
RSDH10-61-N--395-338,65.43628,18.091656,22.112024,4,60.0,15.704293,7.071553,13,2.619107,0.20146976,82.849396
RSDH10-61-N--74-132,49.812157,9.77043,16.985277,5,47.0,9.74709,3.1887155,4,1.0767092,0.2691773,82.658035
RSDH10-62-N--1439-211,21.950886,5.6253986,3.6931288,5,19.0,4.3901772,0.0,0,0.0,0.0,0.0
RSDH10-62-N--242-174,32.38348,8.321227,7.292761,5,29.0,6.4548798,0.0,1,0.109079756,0.109079756,92.4117
RSDH10-62-N--251-51,35.950493,4.7215953,8.11865,5,35.0,7.1900983,0.0,0,0.0,0.0,0.0
RSDH10-62-N--665-325,30.272053,5.485153,5.157914,5,28.0,5.9105787,7.571221,4,0.71916014,0.17979003,86.41085
RSDH10-63-N--106-260,36.58642,9.443191,9.302945,3,35.0,12.195473,0.0,0,0.0,0.0,0.0
RSDH10-63-N--199-99,48.71055,7.5888343,20.958897,3,44.0,15.051841,6.381752,12,3.5550292,0.2962524,78.326454
RSDH10-63-N--326-18,40.712795,5.703313,8.913374,5,37.0,7.8436484,3.4354594,6,1.4945468,0.24909113,90.159935
RSDH10-63-N--674-297,40.546516,6.9655213,12.2792635,3,39.0,13.424369,0.0,1,0.2734082,0.2734082,33.46604
RSDH10-64-N--119-78,32.611908,7.635583,7.635583,5,30.0,6.482969,0.0,1,0.19706579,0.19706579,58.626846
RSDH10-64-N--352-318,37.149837,12.029939,8.632883,5,33.0,6.9270554,3.8885384,12,2.5145605,0.20954669,83.45683
RSDH10-64-N--439-133,31.624987,7.6044173,15.660736,4,29.0,7.9062467,0.0,0,0.0,0.0,0.0
RSDH10-65-N--699-244,23.656197,7.277178,7.1680984,3,22.0,7.885399,0.0,0,0.0,0.0,0.0
RSDH10-66-N--1001-266,61.049843,20.53816,15.972393,3,56.0,19.1318,2.215999,13,3.6544342,0.28111035,86.87694
RSDH10-66-N--229-116,65.24155,5.4695706,15.56724,5,58.0,12.3736315,4.555548,14,3.3733914,0.24095653,79.89299
RSDH10-66-N--329-71,54.827595,8.33681,13.338896,5,50.0,10.7186985,2.9972095,4,1.2341045,0.30852613,98.20631
RSDH10-67-N--81-339,33.26094,5.5786505,7.090184,5,30.0,6.566175,0.0,2,0.43006366,0.21503183,106.114525
RSDH10-68-N--12-163,60.064945,15.613988,17.483927,6,54.0,9.386891,4.287785,14,3.7435958,0.26739967,74.86047
RSDH10-68-N--173-200,28.315313,5.7344785,8.523804,4,26.0,7.0788283,0.0,0,0.0,0.0,0.0
RSDH10-68-N--339-371,59.36572,7.246012,17.811167,4,57.0,14.501555,4.6186314,10,1.3595002,0.13595001,86.163925
RSDH10-68-N--370-16,42.81879,9.863927,10.939141,4,39.0,10.466569,4.6314692,4,0.9525133,0.23812832,83.39627
RSDH10-69-N--1268-557,57.345577,18.559141,20.834234,3,51.0,17.477982,3.15168,15,4.911625,0.3274417,89.1925
RSDH10-69-N--302-40,63.642906,21.53546,14.756932,5,59.0,12.31299,3.0058975,9,2.0779595,0.23088442,80.49688
RSDH10-69-N--309-185,51.54281,6.311043,12.559754,5,49.0,10.262231,0.0,1,0.23165531,0.23165531,88.030426
RSDH10-69-N--514-237,35.48971,6.498037,8.617301,4,33.0,8.872428,0.0,0,0.0,0.0,0.0
RSDH10-69-N--629-3058,69.69918,18.029325,19.618773,3,62.0,20.99106,6.7344193,24,6.7259893,0.28024957,86.050316
RSDH10-7-N--10-340,49.75688,8.975706,13.02724,4,46.0,11.903251,5.3520136,11,2.1438785,0.19489804,79.51242
RSDH10-7-N--1025-495,39.635803,10.440491,12.263681,4,37.0,9.819799,8.08139,3,0.35660502,0.118868336,77.7273
RSDH10-7-N--300-143,69.77438,10.518405,19.649939,5,63.0,12.910899,3.668251,19,5.2198896,0.27473098,76.22984
RSDH10-70-N--1054-280,49.346756,17.45276,16.34638,3,46.0,15.964139,2.261129,4,1.4543393,0.36358485,73.02811
RSDH10-70-N--191-140,46.12468,12.107853,15.723067,5,41.0,8.750864,2.8206537,9,2.3703585,0.26337317,66.84352
RSDH10-70-N--484-86,62.394913,5.999387,15.255583,5,60.0,12.4157715,0.0,3,0.31605345,0.10535115,82.87144
RSDH10-70-N--626-304,44.522312,12.777914,12.341596,4,42.0,10.804234,3.839932,6,1.3053801,0.21756335,80.4085
RSDH10-71-N--301-80,24.917713,4.0982823,8.009571,3,24.0,8.305904,0.0,0,0.0,0.0,0.0
RSDH10-71-N--587-180,31.98446,6.7785277,9.583436,4,30.0,7.784305,2.9542036,5,0.8472453,0.16944905,72.4824
RSDH10-72-N--1097-524,41.450665,3.5840492,10.674233,5,39.0,8.167523,3.4141455,6,0.6130496,0.10217492,81.21752
RSDH10-72-N--536-164,79.21034,11.858528,22.080858,5,69.0,14.263017,4.928259,28,7.895249,0.28197318,80.17348
RSDH10-72-N--58-84,66.361626,10.596319,12.653252,6,63.0,10.814748,3.838409,9,1.4731386,0.16368207,85.50009
RSDH10-72-N--584-328,44.61073,8.212148,10.284662,5,40.0,8.746178,5.4170985,4,0.8798393,0.21995983,84.897064
RSDH10-73-N--1369-504,46.56501,9.287362,16.580122,3,40.0,13.799765,3.0358212,20,5.1657195,0.25828594,77.62807
RSDH10-73-N--241-298,47.578392,4.659264,13.868711,5,43.0,8.942106,2.4250076,12,2.8678658,0.23898885,73.970604
RSDH10-73-N--432-110,37.404083,9.988589,9.365276,6,30.0,5.5496364,2.1672308,21,4.106268,0.19553655,81.81737
RSDH10-74-N--240-349,44.2206,10.0509205,11.0170555,5,42.0,8.813268,0.0,1,0.15426207,0.15426207,84.98366
RSDH10-74-N--488-73,29.922527,2.7737424,6.7785277,5,28.0,5.984505,0.0,0,0.0,0.0,0.0
RSDH10-74-N--510-182,38.664978,8.991288,11.624785,5,35.0,7.700851,0.0,2,0.16071741,0.08035871,103.51333
RSDH10-76-N--368-108,67.92505,11.593619,19.151289,6,63.0,10.979973,2.3849933,12,2.0452104,0.1704342,79.735830000000007
RSDH10-76-N--382-314,40.60852,11.609202,9.599018,4,36.0,9.463932,2.228588,8,2.7527928,0.34409907,75.918205
RSDH10-77-N--1432-534,25.26831,5.344908,4.58135,5,22.0,4.9196205,3.8588214,4,0.6702081,0.16755201,96.74557
RSDH10-77-N--264-17,34.15689,4.207362,9.817178,6,31.0,5.6928153,0.0,0,0.0,0.0,0.0
RSDH10-77-N--672-341,33.640644,9.879509,6.949939,5,30.0,6.674631,13.968012,2,0.26748732,0.13374366,85.26884
RSDH10-77-N--703-190,30.613365,4.1450305,3.8801227,6,28.0,5.1022277,0.0,0,0.0,0.0,0.0
RSDH10-78-N--237-186,62.495945,21.691288,19.3227,4,51.0,13.253838,3.06819,26,9.480583,0.36463776,74.68873
RSDH10-78-N--331-381,70.189995,15.364663,14.460859,5,65.0,13.654329,9.831105,5,1.9183493,0.38366982,79.4156
RSDH10-78-N--62-11,65.06216,7.542086,13.120736,5,62.0,13.012431,0.0,0,0.0,0.0,0.0
RSDH10-79-N--292-53,27.208303,6.388957,7.277178,5,25.0,5.4179254,0.0,1,0.11867524,0.11867524,76.39372
RSDH10-79-N--39-101,25.150097,8.679632,6.498037,5,22.0,4.963907,10.51664,3,0.33056158,0.110187195,76.71305
RSDH10-79-N--89-324,26.860844,3.506135,6.6382823,4,24.0,6.5573783,2.3669162,4,0.63133097,0.15783274,79.94432
RSDH10-8-N--104-117,34.393642,5.609816,9.676932,4,31.0,8.343468,4.465517,8,1.0197746,0.12747182,90.84974
RSDH10-8-N--161-303,33.27439,6.0928836,9.505522,5,31.0,6.568314,2.9665747,3,0.43282485,0.14427496,81.17222
RSDH10-8-N--627-2425,14.8182745,3.6931288,3.4593866,4,13.0,3.7045686,0.0,0,0.0,0.0,0.0
RSDH10-81-N--1587-286,27.780155,4.9397545,6.575951,5,26.0,5.5560308,0.0,0,0.0,0.0,0.0
RSDH10-81-N--287-29,25.548517,6.7941103,8.383558,5,23.0,4.9948125,2.8601406,3,0.5744547,0.19148491,69.619286
RSDH10-81-N--558-312,30.930288,6.279877,7.884908,5,27.0,6.0590053,6.173468,3,0.635261,0.21175367,106.65154
RSDH10-82-N--1330-539,80.9147,21.940613,19.618773,5,66.0,13.723737,5.370491,28,12.296008,0.43914306,83.96236
RSDH10-82-N--269-361,74.52374,10.643067,19.04221,5,65.0,13.525756,2.981641,22,6.894972,0.3134078,77.43918
RSDH10-82-N--32-137,65.517426,11.172884,17.748835,5,59.0,12.387985,4.087215,16,3.5775025,0.2235939,86.527275
RSDH10-82-N--323-47,59.060432,13.80638,17.515093,3,53.0,18.142593,3.6745498,18,4.632664,0.25737023,80.02353
RSDH10-83-N--448-4,41.6571,12.185767,13.089571,4,39.0,9.958846,2.8483787,15,1.8217225,0.121448174,86.841835
RSDH10-83-N--60-131,44.21987,13.214233,11.609202,4,41.0,10.852011,3.6241984,4,0.81182843,0.20295708,90.49222
RSDH10-84-N--1261-572,40.845448,13.541472,13.5726385,4,39.0,10.000886,2.1147523,6,0.84189975,0.14031664,74.94149
RSDH10-84-N--310-12,32.98236,7.2615952,13.19865,3,31.0,10.95739,0.0,1,0.110187195,0.110187195,69.35563
RSDH10-84-N--376-154,34.24819,4.378773,12.154601,5,33.0,6.849638,0.0,0,0.0,0.0,0.0
RSDH10-85-N--1049-498,40.643612,8.11865,9.77043,4,36.0,9.594014,4.115166,11,2.2675526,0.20614116,80.53868
RSDH10-85-N--1080-357,37.714252,3.7554603,9.801595,4,36.0,9.428563,0.0,0,0.0,0.0,0.0
RSDH10-85-N--1551-149,37.434605,7.074601,6.7006135,5,33.0,6.995623,1.7656211,9,2.4564931,0.2729437,82.073074
RSDH10-85-N--678-8,38.46069,6.856442,8.009571,5,35.0,7.6509566,0.0,3,0.20590505,0.068635024,81.97242
RSDH10-86-N--1154-499,31.89508,12.107853,12.263681,4,29.0,7.825333,7.1206946,4,0.59374857,0.14843716,80.628654
RSDH10-86-N--256-138,40.07182,7.62,10.892393,5,36.0,8.014364,0.0,0,0.0,0.0,0.0
RSDH10-86-N--94-284,31.3246,8.757546,8.11865,5,29.0,6.2114882,6.61319,2,0.2671622,0.1335811,82.98189
RSDH10-87-N--102-178,68.57474,22.065277,19.198036,4,64.0,16.36366,2.8927953,12,3.1200907,0.26000753,85.42353
RSDH10-87-N--389-278,58.465538,14.320614,17.250185,6,53.0,9.344664,4.549935,7,2.397559,0.3425084,91.52923
RSDH10-88-N--1430-491,43.214108,14.211534,8.695215,4,40.0,10.659915,7.5794115,5,0.57444453,0.114888914,85.79851
RSDH10-88-N--366-145,36.597466,10.004172,12.653252,5,34.0,7.2133884,14.008257,3,0.5305206,0.1768402,76.43587
RSDH10-88-N--562-212,33.512966,10.845644,6.7006135,5,32.0,6.683894,0.0,1,0.09349693,0.09349693,104.27368
RSDH10-88-N--7-39,39.412083,8.258896,12.372761,4,37.0,9.853021,0.0,0,0.0,0.0,0.0
RSDH10-89-N--1042-531,25.781103,5.500736,7.448589,5,21.0,4.874085,1.6191201,7,1.4106772,0.20152533,77.45024
RSDH10-89-N--1452-380,30.815775,8.570552,11.048221,4,28.0,7.3038254,5.5082703,11,1.6004723,0.14549749,82.93397
RSDH10-89-N--270-20,24.595327,3.9892025,5.7500615,5,21.0,4.5648713,2.9443269,7,1.7709754,0.25299647,75.9692
RSDH10-89-N--673-146,40.251156,8.617301,15.084172,4,35.0,9.347205,1.9156383,16,2.8623328,0.17889579,81.31578
RSDH10-9-N--1339-156,41.94415,7.7602453,8.274479,5,39.0,8.332615,1.9516009,2,0.28107527,0.14053762,83.466934
RSDH10-90-N--1552-518,52.269844,9.973006,17.78,4,48.0,12.239961,2.8059978,12,3.3100054,0.27583382,78.90513
RSDH10-90-N--234-171,56.575794,13.011657,18.652637,4,52.0,13.7359085,3.673033,11,1.6321608,0.14837827,75.904594
RSDH10-90-N--493-30,51.32412,6.8720245,13.02724,5,45.0,9.663411,2.8160427,12,3.0070639,0.25058866,79.04106
RSDH10-91-N--1100-525,35.99335,6.575951,7.4174232,5,32.0,6.916052,5.486357,10,1.4130961,0.1413096,87.606316
RSDH10-91-N--175-50,30.82633,9.006871,6.6382823,6,27.0,5.019069,3.1376636,4,0.7119135,0.17797837,95.044716
RSDH10-91-N--285-166,28.382383,3.5528834,4.8930063,5,23.0,5.3474846,3.8301544,11,1.6449631,0.14954208,84.099945
RSDH10-91-N--542-240,30.952177,7.0590186,12.544172,3,28.0,9.808402,3.096949,8,1.5269718,0.19087148,75.706
RSDH10-92-N--1480-502,43.881466,3.7866259,12.107853,5,42.0,8.7011795,0.9053839,4,0.3755739,0.093893476,81.972885
RSDH10-92-N--75-235,48.594227,15.816565,15.224418,4,41.0,10.810123,2.450016,18,5.3537354,0.29742974,74.832115
RSDH10-93-N--311-56,47.620266,10.830062,11.905276,5,43.0,9.066812,2.8470538,11,2.286202,0.20783655,88.9865
RSDH10-93-N--482-370,48.77684,10.923558,16.112638,5,45.0,9.446089,2.8160298,7,1.5463986,0.22091413,76.54597
RSDH10-93-N--602-118,78.2783,7.0434356,19.60319,5,73.0,15.079502,1.9617313,16,2.880782,0.18004887,88.03451
RSDH10-95-N--109-104,23.172045,3.225644,8.601718,4,22.0,5.7195816,3.1301987,2,0.2937184,0.1468592,78.01876
RSDH10-95-N--1470-554,49.998623,6.9811044,13.977792,5,47.0,9.923945,5.3135643,2,0.37889522,0.18944761,97.1766
RSDH10-95-N--244-92,56.502525,12.09227,15.489326,4,53.0,13.742557,23.567448,7,1.5322989,0.21889985,86.15319
RSDH10-96-N--1381-506,40.59223,11.9676075,10.907975,5,37.0,7.948421,3.711738,4,0.850129,0.21253227,83.4509
RSDH10-96-N--24-46,45.142868,7.4330063,6.9655213,6,41.0,7.4416456,0.0,3,0.492999,0.16433299,82.98441
RSDH10-97-N--1018-559,41.750847,9.365276,9.271779,5,36.0,7.9259777,2.334149,8,2.1209626,0.26512033,86.1752
RSDH10-97-N--227-789,33.613976,8.134233,9.614601,5,31.0,6.6689353,0.0,1,0.26929805,0.26929805,96.436424
RSDH10-97-N--26-151,41.445595,8.196565,9.521105,5,37.0,8.013704,7.0710974,6,1.3770746,0.22951244,83.16163
RSDH10-98-N--232-112,38.164265,6.4668713,8.305644,6,35.0,6.360711,0.0,0,0.0,0.0,0.0
RSDH10-99-N--143-250,34.49159,6.061718,9.505522,6,30.0,5.5749483,24.382454,6,1.0418996,0.17364992,102.514046
RSDH10-99-N--19-93,32.599792,6.8720245,4.6125154,5,29.0,6.4266763,0.0,2,0.46641344,0.23320672,51.61744
RSDH10-99-N--261-157,58.544216,8.664049,12.294847,5,51.0,10.897406,4.35293,16,4.057181,0.25357378,80.67808
RSDH10-Ria_a-1-N--480-109,36.877155,7.1525154,7.7602453,5,33.0,7.124014,2.7861047,9,1.2570909,0.13967676,89.061874
RSDH10-Ria_a-1-N--677-274,19.235746,4.5190187,3.9268713,4,17.0,4.6786833,0.0,1,0.52101403,0.52101403,88.832405
RSDH10-Ria_a-1-N--689-25,33.76823,6.840859,7.9316564,5,31.0,6.753646,0.0,0,0.0,0.0,0.0
RSDH10-Ria_b-2-N--250-313,51.201557,8.1498165,15.816565,4,45.0,11.905164,2.9242277,15,3.580902,0.23872682,82.50683
RSDH10-Ria_b-3-N--1308-551,33.21302,5.9214725,11.531288,5,28.0,6.189386,2.1459935,9,2.2660952,0.25178835,82.707375
RSDH10-Ria_b-3-N--204-373,46.438885,6.575951,17.717669,4,43.0,11.2706,3.9371798,10,1.3564835,0.13564835,84.57858
RSDH10-Ria_b-3-N--371-222,28.805304,3.8645399,6.0928836,5,26.0,5.7610607,0.0,0,0.0,0.0,0.0
RSDH10-Ria_b-3-N--436-139,42.195213,13.089571,6.6538653,5,38.0,8.139824,3.3463972,8,1.4960928,0.1870116,81.92941
RSDH10-Ria_new-N--105-155,48.49802,6.2019634,12.014356,5,46.0,9.64668,1.3157588,3,0.26461828,0.08820609,93.73893
RSDH10-Ria_new-N--1236-542,25.541473,5.0488343,9.225031,4,23.0,6.227429,4.2942867,4,0.6317576,0.15793942,91.204475
RSDH10-Ria_new-N--1548-88,40.161987,8.071902,7.1680984,5,35.0,7.652856,5.6765585,9,1.8977098,0.21085666,74.43681
RSDH10-Ria_new-N--620-216,32.734894,6.451288,7.105767,5,29.0,6.4657536,8.093765,4,0.40612885,0.10153221,89.67654
RSDH10-Sav_b-1-N--1472-541,33.055855,9.66135,8.056319,5,30.0,6.5578475,0.0,1,0.26661414,0.26661414,106.37503
RSDH10-Sav_b-1-N--238-70,60.889587,12.996074,11.48454,5,57.0,11.896161,2.3756835,5,1.408781,0.2817562,81.27846
RSDH10-Sav_b-1-N--657-148,83.35166,20.226503,20.631657,5,72.0,14.741951,6.618824,25,9.641901,0.38567597,71.96858
RSDH10-Sav_b-3-N--1404-488,44.476482,10.097669,7.5888343,5,43.0,8.895297,0.0,0,0.0,0.0,0.0
RSDH10-Sav_b-3-N--255-106,55.164165,14.585522,15.24,5,51.0,10.524403,5.5384374,11,2.5421584,0.2311053,74.60778
RSDH10-Sav_b-3-N--383-67,55.404358,11.391043,16.268467,5,51.0,10.69621,3.6837003,13,1.9233028,0.14794639,85.37414
